id,first_name,last_name,email,gender,birth_date,street_address
1,Blake,Trorey,btrorey0@china.com.cn,Female,1/26/1974,48331 Nobel Avenue
2,Reagen,Huglin,rhuglin1@over-blog.com,Male,12/8/1972,2329 Fordem Point
3,Doyle,Jolliss,djolliss2@friendfeed.com,Male,7/14/1980,5 Waywood Avenue
4,Kelby,Bohl,kbohl3@xinhuanet.com,Male,10/23/1964,3 Bonner Terrace
5,Marlee,Baroc,mbaroc4@ovh.net,Female,9/10/1962,28 Boyd Road
6,Huntley,Colston,hcolston5@time.com,Male,2/1/1987,5 Darwin Drive
7,Jamesy,Boyat,jboyat6@twitter.com,Male,7/20/1965,8 Barby Junction
8,Parke,Evreux,pevreux7@feedburner.com,Male,4/20/1986,0737 Spaight Avenue
9,Tim,Garwood,tgarwood8@house.gov,Male,4/21/1983,42711 Mesta Avenue
10,Bellanca,Wakelam,bwakelam9@unc.edu,Female,6/2/1963,51894 Cottonwood Court
11,Sara,Bolan,sbolana@last.fm,Female,11/24/1961,32093 Moulton Drive
12,Carley,Girvin,cgirvinb@themeforest.net,Female,1/20/1984,3917 Heffernan Center
13,Taddeo,Assur,tassurc@ucsd.edu,Male,11/26/1963,23096 Leroy Center
14,Augusta,Soppit,asoppitd@si.edu,Female,12/27/1983,9 Vahlen Terrace
15,Heall,Brandt,hbrandte@aol.com,Male,1/10/1978,64644 Miller Way
16,Sunshine,Pinel,spinelf@unc.edu,Female,11/18/1966,792 Valley Edge Place
17,Humberto,Linskill,hlinskillg@mapquest.com,Male,11/17/1994,3286 Nobel Way
18,Lotti,Pyrah,lpyrahh@cafepress.com,Female,3/29/1970,9 Eagle Crest Street
19,Jessamine,Seeman,jseemani@indiatimes.com,Female,4/22/1973,7945 Village Park
20,Cletus,Newlyn,cnewlynj@google.it,Male,5/11/1965,5659 Buena Vista Street
21,Rancell,Blackbourn,rblackbournk@phoca.cz,Male,12/17/1974,3 Grover Trail
22,Tilly,Waddington,twaddingtonl@youtube.com,Female,9/21/1994,79964 Mitchell Avenue
23,Rufe,Cluderay,rcluderaym@salon.com,Male,4/22/1979,91757 Mesta Alley
24,Parrnell,Goly,pgolyn@unblog.fr,Male,9/17/1998,567 Ridgeview Street
25,Dyann,Guppey,dguppeyo@cpanel.net,Female,5/19/1974,71 Express Lane
26,Averil,Izkovitz,aizkovitzp@deliciousdays.com,Female,8/17/1973,9 South Point
27,Dolores,De Winton,ddewintonq@so-net.ne.jp,Female,5/3/2001,22 Jana Terrace
28,Antonina,Aisman,aaismanr@histats.com,Female,12/18/1991,40 Marcy Pass
29,Elianora,Palliser,epallisers@booking.com,Female,12/2/1984,9342 Eastlawn Avenue
30,Kirby,Tutchings,ktutchingst@dyndns.org,Male,6/19/1971,20 Briar Crest Park
31,Helaine,Earsman,hearsmanu@home.pl,Female,10/24/1983,99214 Susan Court
32,Pavlov,Rielly,priellyv@uiuc.edu,Male,2/24/1964,79259 Corben Street
33,Kirby,Lorie,kloriew@sphinn.com,Male,11/15/1979,001 Badeau Hill
34,Nichol,Sinclair,nsinclairx@creativecommons.org,Female,2/13/1974,4 Bayside Junction
35,Dorotea,Shreeve,dshreevey@europa.eu,Female,6/1/1984,65936 Monument Street
36,Dacie,Ganforthe,dganforthez@opensource.org,Female,10/15/1969,6 Evergreen Circle
37,Lusa,Huske,lhuske10@dell.com,Female,8/21/1971,52700 Warner Trail
38,Manny,Perri,mperri11@ibm.com,Male,11/23/1965,11 Bellgrove Place
39,Kennett,Legan,klegan12@wix.com,Male,10/23/1996,842 Waywood Road
40,Christan,Windows,cwindows13@yahoo.co.jp,Female,9/3/1998,29 Bayside Place
41,Myron,Mixhel,mmixhel14@g.co,Male,11/28/1992,393 Thackeray Park
42,Auroora,Padley,apadley15@webs.com,Female,12/13/1960,7480 Tomscot Road
43,Raychel,Whiterod,rwhiterod16@rambler.ru,Female,5/15/1987,1761 Moland Junction
44,Jillana,Jonuzi,jjonuzi17@soundcloud.com,Female,5/12/1960,507 Mallory Park
45,Emelina,Erat,eerat18@t-online.de,Female,8/8/1978,168 Spenser Lane
46,Morry,De Blasio,mdeblasio19@studiopress.com,Male,12/22/1965,1 Morning Trail
47,Michaella,Yeoland,myeoland1a@si.edu,Female,2/16/1986,407 Sherman Lane
48,Melisent,Kincla,mkincla1b@flickr.com,Female,11/4/1972,72 Kennedy Lane
49,Gifford,Boncore,gboncore1c@mysql.com,Male,6/30/1995,93 Anniversary Crossing
50,Orran,Kuhwald,okuhwald1d@fema.gov,Male,6/7/1980,08 Morning Hill
51,Fanechka,Weaving,fweaving1e@moonfruit.com,Female,5/21/1985,19 Schiller Center
52,Janith,Chrstine,jchrstine1f@whitehouse.gov,Female,2/12/1985,20621 Sunfield Circle
53,Whitney,Yushmanov,wyushmanov1g@zdnet.com,Male,6/13/1984,6 Golden Leaf Drive
54,Othilie,Hrinchishin,ohrinchishin1h@forbes.com,Female,4/26/1971,789 Monica Drive
55,Allison,Nortcliffe,anortcliffe1i@liveinternet.ru,Female,12/10/1988,35 Macpherson Alley
56,Zahara,Rylance,zrylance1j@networkadvertising.org,Female,7/13/1964,566 Veith Circle
57,Merola,Brummell,mbrummell1k@hc360.com,Female,8/15/1984,2 Walton Point
58,Godard,Pettiford,gpettiford1l@imgur.com,Male,6/6/1998,92613 Walton Parkway
59,Tarrance,Kingshott,tkingshott1m@tmall.com,Male,11/26/1986,7 2nd Road
60,Raff,Brigdale,rbrigdale1n@simplemachines.org,Male,6/21/1962,56902 Paget Lane
61,Kalina,Wilkinson,kwilkinson1o@w3.org,Female,8/5/1962,007 Warrior Street
62,Ellswerth,Shakle,eshakle1p@studiopress.com,Male,8/25/1974,6 Vernon Junction
63,Johnathan,Brummitt,jbrummitt1q@soundcloud.com,Male,6/9/1968,93140 Moose Junction
64,Francisca,Faulks,ffaulks1r@miibeian.gov.cn,Female,5/16/1997,74 Acker Trail
65,Karalynn,Gourlie,kgourlie1s@virginia.edu,Female,7/12/1979,54515 Ridgeview Plaza
66,Bertie,Hounson,bhounson1t@nyu.edu,Female,12/25/1989,7085 Service Crossing
67,Rosabella,Saggs,rsaggs1u@youku.com,Female,11/2/1974,131 Clyde Gallagher Park
68,Garvin,De la Yglesias,gdelayglesias1v@timesonline.co.uk,Male,4/29/1985,627 Moose Drive
69,Jere,Bedburrow,jbedburrow1w@slashdot.org,Male,7/15/1992,9 Grim Way
70,Tillie,Jozefiak,tjozefiak1x@squarespace.com,Female,10/14/1994,74 Canary Court
71,Farrand,Urlich,furlich1y@marriott.com,Female,8/12/1978,03 Rockefeller Road
72,Truda,O' Loughran,toloughran1z@cbsnews.com,Female,4/5/1975,9570 Loeprich Crossing
73,De,Kimbell,dkimbell20@tripadvisor.com,Female,2/29/1960,9353 Dahle Point
74,Orton,Beche,obeche21@stanford.edu,Male,4/12/1962,23 Maple Circle
75,Ortensia,Zanassi,ozanassi22@yellowpages.com,Female,11/26/1997,368 Trailsway Parkway
76,Burnard,Spray,bspray23@ustream.tv,Male,7/2/1965,69 Kingsford Park
77,Greg,Woolrich,gwoolrich24@auda.org.au,Male,10/10/1981,61422 Fuller Street
78,Glendon,Isenor,gisenor25@tamu.edu,Male,8/6/1973,951 Debra Pass
79,Vaughn,Calan,vcalan26@ucoz.com,Male,6/26/1998,8 Mendota Road
80,Franklin,Eastmond,feastmond27@woothemes.com,Male,4/25/1973,706 Main Avenue
81,Peta,Cunde,pcunde28@acquirethisname.com,Female,8/2/1983,33341 Karstens Center
82,Gard,des Remedios,gdesremedios29@bloglines.com,Male,6/4/1963,651 Green Ridge Park
83,Dall,Berrane,dberrane2a@amazon.com,Male,12/14/1980,3073 Shoshone Pass
84,Adair,Folcarelli,afolcarelli2b@geocities.jp,Male,8/21/1960,294 Bay Drive
85,Windy,Carmont,wcarmont2c@cdbaby.com,Female,4/27/1979,8009 Everett Avenue
86,Vivianna,Tillerton,vtillerton2d@ifeng.com,Female,12/12/1994,189 Heffernan Parkway
87,Linette,Geffcock,lgeffcock2e@google.ca,Female,2/16/1988,91195 Gerald Trail
88,Aron,Dripps,adripps2f@china.com.cn,Male,4/30/2001,9075 Tomscot Avenue
89,Maribeth,Heaney,mheaney2g@hhs.gov,Female,3/9/1961,01 Fremont Way
90,Brinn,Odams,bodams2h@tinyurl.com,Female,7/20/1966,9454 Lighthouse Bay Alley
91,Elset,Tanfield,etanfield2i@123-reg.co.uk,Female,10/20/1962,98 7th Court
92,Stephie,Willshee,swillshee2j@fema.gov,Female,11/19/1978,3 Hallows Plaza
93,Mohandis,Faulkner,mfaulkner2k@sohu.com,Male,3/17/1978,70 Porter Trail
94,Bengt,Udale,budale2l@seattletimes.com,Male,4/18/1970,00 Northland Pass
95,Zechariah,Holson,zholson2m@loc.gov,Male,10/18/1979,03848 Sunnyside Pass
96,Idaline,Vezey,ivezey2n@vistaprint.com,Female,9/24/1982,6 Basil Junction
97,Trever,Alders,talders2o@e-recht24.de,Male,12/28/1982,01 Waubesa Center
98,Miner,Foulkes,mfoulkes2p@google.fr,Male,4/11/2001,5395 Gulseth Avenue
99,Henrie,McAloren,hmcaloren2q@gizmodo.com,Female,4/2/1999,0621 Northland Hill
100,Johnathon,Gayle,jgayle2r@quantcast.com,Male,8/10/2001,24 Sauthoff Plaza
101,Jewel,Vynarde,jvynarde2s@i2i.jp,Female,3/31/1996,538 Dahle Court
102,Storm,Mont,smont2t@bbb.org,Female,5/22/1963,20313 Hazelcrest Junction
103,Carlie,Rance,crance2u@npr.org,Female,10/21/1970,831 Golf Course Park
104,Hersch,Rosendahl,hrosendahl2v@ucoz.ru,Male,2/26/1989,4 Sullivan Crossing
105,Cherise,Twiggs,ctwiggs2w@va.gov,Female,4/16/1990,99 Bluestem Junction
106,Lothaire,Collyear,lcollyear2x@chicagotribune.com,Male,6/19/1974,82382 International Lane
107,Lucian,Goodin,lgoodin2y@opera.com,Male,9/17/1964,7 Clemons Drive
108,Maible,Steeples,msteeples2z@live.com,Female,7/8/1995,01263 Bowman Terrace
109,Tessi,Gadault,tgadault30@pcworld.com,Female,7/21/1983,381 Lindbergh Hill
110,Shalne,Edds,sedds31@dion.ne.jp,Female,12/25/1993,16665 Northfield Junction
111,Maxy,Claye,mclaye32@plala.or.jp,Male,3/14/1961,7 Orin Road
112,Avis,Norsworthy,anorsworthy33@alibaba.com,Female,3/25/1964,30000 Kedzie Avenue
113,Carmita,Fillingham,cfillingham34@fda.gov,Female,7/5/1995,53 Alpine Drive
114,Jefferey,Suddick,jsuddick35@wsj.com,Male,1/6/1983,69767 Karstens Drive
115,Rutter,Stracey,rstracey36@domainmarket.com,Male,6/16/1980,676 Bunker Hill Circle
116,Consolata,Dan,cdan37@theatlantic.com,Female,11/27/1977,83 Buell Drive
117,Taite,Bentall,tbentall38@berkeley.edu,Male,6/29/1992,3 Browning Center
118,Cammi,Ricciardello,cricciardello39@samsung.com,Female,9/10/1973,5 Florence Lane
119,Caddric,Shobbrook,cshobbrook3a@constantcontact.com,Male,3/6/1992,0851 Old Shore Park
120,Gavan,Bowkley,gbowkley3b@quantcast.com,Male,2/10/1965,24827 Iowa Pass
121,Paulina,Smetoun,psmetoun3c@imgur.com,Female,4/9/1982,7376 Roxbury Terrace
122,Dick,Squires,dsquires3d@salon.com,Male,1/29/1995,1 Kinsman Junction
123,Husein,Cockrem,hcockrem3e@jalbum.net,Male,1/12/1961,09567 Dahle Place
124,Cinderella,McDougall,cmcdougall3f@nymag.com,Female,5/9/1962,54 Golf Circle
125,Vergil,Orvis,vorvis3g@networksolutions.com,Male,9/11/1967,238 Reinke Road
126,Samuele,Hallad,shallad3h@umich.edu,Male,12/26/2001,36 Thompson Center
127,Buiron,Hemeret,bhemeret3i@china.com.cn,Male,5/16/1964,5745 Claremont Way
128,Adlai,Stredwick,astredwick3j@china.com.cn,Male,4/8/1964,7506 Continental Court
129,Bartholomew,Langthorne,blangthorne3k@com.com,Male,4/21/1984,6 Northland Street
130,Heinrick,Ellen,hellen3l@apache.org,Male,5/26/2000,73822 Schiller Way
131,Ferdinanda,Vickery,fvickery3m@unicef.org,Female,8/12/1970,45 Merchant Avenue
132,Lurleen,Iacovino,liacovino3n@gmpg.org,Female,3/4/1998,5997 Caliangt Court
133,Shari,Di Giacomettino,sdigiacomettino3o@vk.com,Female,8/8/1992,97107 Chinook Alley
134,Domingo,O'Ruane,doruane3p@biglobe.ne.jp,Male,6/13/1997,5 Logan Terrace
135,Thorndike,De Blase,tdeblase3q@accuweather.com,Male,9/16/1987,950 Hoffman Street
136,Reena,Grimsdith,rgrimsdith3r@google.co.uk,Female,12/10/1987,112 Monica Circle
137,Dyane,Boij,dboij3s@macromedia.com,Female,4/3/1973,64156 Cherokee Way
138,Ennis,Wyard,ewyard3t@netvibes.com,Male,8/13/1986,8397 Darwin Circle
139,Ignace,Watson,iwatson3u@mapy.cz,Male,1/8/1988,62 Dottie Alley
140,Law,Lundie,llundie3v@vkontakte.ru,Male,4/5/1993,4 Chive Crossing
141,Bryon,Aloshechkin,baloshechkin3w@taobao.com,Male,1/5/1998,15 Troy Parkway
142,Shani,Andryunin,sandryunin3x@moonfruit.com,Female,9/22/1989,2 Moland Terrace
143,Jud,Del Monte,jdelmonte3y@hhs.gov,Male,4/22/1970,388 Jenifer Court
144,Elvyn,Toffoletto,etoffoletto3z@yandex.ru,Male,12/31/1992,290 Manley Circle
145,Luke,Boltwood,lboltwood40@nasa.gov,Male,3/31/1988,84 Sheridan Hill
146,Arline,Carme,acarme41@bloglines.com,Female,2/26/1964,16131 Little Fleur Road
147,Sal,Hunnicot,shunnicot42@prnewswire.com,Female,3/22/1986,892 Dottie Junction
148,Levey,Parish,lparish43@china.com.cn,Male,12/17/1987,54 Merrick Way
149,Kenon,Bandey,kbandey44@networksolutions.com,Male,5/25/1977,143 Park Meadow Pass
150,Leigh,Lyven,llyven45@nature.com,Male,12/26/1995,0 Burning Wood Park
151,Mohandas,Curado,mcurado46@jugem.jp,Male,10/19/1963,0575 Lakewood Crossing
152,Harlene,Jamot,hjamot47@cocolog-nifty.com,Female,1/22/1998,4850 Glendale Crossing
153,Diannne,Ever,dever48@studiopress.com,Female,7/2/1984,36654 Lakeland Lane
154,Arte,Conelly,aconelly49@weather.com,Male,1/13/1974,6576 Mosinee Trail
155,Abraham,Beaney,abeaney4a@alexa.com,Male,1/30/1963,32344 Charing Cross Lane
156,Vanessa,Bingall,vbingall4b@storify.com,Female,10/16/1993,4 Pierstorff Street
157,Henrietta,Bucklee,hbucklee4c@phoca.cz,Female,12/1/1992,1 Susan Lane
158,Tatum,Tewkesberry,ttewkesberry4d@mit.edu,Female,7/24/1993,9309 Burning Wood Lane
159,Perkin,Petrolli,ppetrolli4e@woothemes.com,Male,4/11/1991,8 Charing Cross Parkway
160,Marlane,Cochrane,mcochrane4f@creativecommons.org,Female,6/27/1994,78 Gateway Lane
161,Glenine,Greatbanks,ggreatbanks4g@squarespace.com,Female,11/15/1977,5044 Northview Center
162,Hanson,Kitchenham,hkitchenham4h@gov.uk,Male,12/2/1995,21 Melrose Crossing
163,Ernestus,Januszewski,ejanuszewski4i@gizmodo.com,Male,11/13/1973,514 Bultman Crossing
164,Billy,Salkild,bsalkild4j@addtoany.com,Female,7/8/1977,2 Daystar Court
165,Yard,Stephens,ystephens4k@admin.ch,Male,1/30/1975,96285 Harbort Street
166,Berti,Brazier,bbrazier4l@alexa.com,Female,12/3/1972,7 Carpenter Pass
167,Natale,Gercken,ngercken4m@a8.net,Male,10/18/2001,51 Forest Run Junction
168,Saunders,Peidro,speidro4n@bizjournals.com,Male,4/21/1974,93582 Atwood Parkway
169,Mauricio,Munby,mmunby4o@mysql.com,Male,6/29/1978,32928 Crowley Park
170,Regine,Franzewitch,rfranzewitch4p@hhs.gov,Female,12/16/1971,133 Lotheville Plaza
171,Brooks,Maggiori,bmaggiori4q@google.com.au,Female,2/6/1997,6474 Carberry Road
172,Katuscha,Sarfatti,ksarfatti4r@netscape.com,Female,4/28/1961,4486 Melvin Center
173,Giovanna,Beldom,gbeldom4s@acquirethisname.com,Female,6/4/1995,091 International Way
174,Caria,Pash,cpash4t@list-manage.com,Female,9/12/1968,88787 Stone Corner Crossing
175,Olenolin,McDonald,omcdonald4u@hubpages.com,Male,8/21/1981,10971 Buhler Park
176,Neale,Rochewell,nrochewell4v@google.ru,Male,2/7/1997,46 Superior Parkway
177,Nicholas,Euplate,neuplate4w@hp.com,Male,5/12/2000,193 Cascade Pass
178,Annemarie,Jakubovicz,ajakubovicz4x@mashable.com,Female,3/31/1964,84 Glacier Hill Hill
179,Benedetto,Latehouse,blatehouse4y@dyndns.org,Male,12/6/1960,7915 Delladonna Crossing
180,Brenda,Pennycook,bpennycook4z@privacy.gov.au,Female,9/1/1969,174 Starling Place
181,Garry,Copyn,gcopyn50@odnoklassniki.ru,Male,9/30/1984,1 Montana Point
182,Nelle,Raubenheimers,nraubenheimers51@utexas.edu,Female,12/1/1979,953 Fisk Alley
183,Kitti,Ahearne,kahearne52@technorati.com,Female,8/16/2001,990 Montana Crossing
184,Noam,Priden,npriden53@indiatimes.com,Male,6/15/1981,3 Everett Lane
185,Morgun,Khidr,mkhidr54@symantec.com,Male,3/23/1987,0291 Farragut Street
186,Angie,Babber,ababber55@harvard.edu,Female,10/15/1997,86238 Alpine Circle
187,Jennee,Langfield,jlangfield56@adobe.com,Female,3/10/1990,9 Cordelia Drive
188,Wakefield,Wymer,wwymer57@google.it,Male,8/5/1978,2117 Walton Park
189,Fifine,Cummine,fcummine58@aboutads.info,Female,7/6/1968,19 Meadow Vale Avenue
190,Gabriella,Reedman,greedman59@tripadvisor.com,Female,5/17/1976,2 Tennessee Drive
191,Konstantin,Foran,kforan5a@jigsy.com,Male,11/27/1971,733 Bultman Center
192,Neils,Adam,nadam5b@chicagotribune.com,Male,12/26/1964,34 Mendota Court
193,Morton,Yateman,myateman5c@intel.com,Male,9/20/1977,99145 Dixon Trail
194,Janey,Shaudfurth,jshaudfurth5d@dyndns.org,Female,2/26/1992,2178 Moland Hill
195,Devinne,Island,disland5e@elpais.com,Female,11/3/1978,2 International Crossing
196,Tuck,Gommey,tgommey5f@boston.com,Male,11/15/1971,271 3rd Place
197,Babette,Pawnsford,bpawnsford5g@bloomberg.com,Female,12/19/1988,0820 Delaware Place
198,Ealasaid,Boggs,eboggs5h@amazon.co.uk,Female,4/17/1997,41 Bay Park
199,Adriaens,Onslow,aonslow5i@tinyurl.com,Female,8/8/2000,1 Golf Course Way
200,Lorine,McVitty,lmcvitty5j@nydailynews.com,Female,10/25/1996,2 Monument Terrace
201,Loria,Youle,lyoule5k@addthis.com,Female,11/12/1964,663 Pankratz Hill
202,Galen,Vakhrushin,gvakhrushin5l@xinhuanet.com,Male,12/20/1987,79 Briar Crest Drive
203,Adore,Skinn,askinn5m@joomla.org,Female,9/24/1976,1228 Kensington Point
204,Malchy,Smaridge,msmaridge5n@yolasite.com,Male,10/18/1989,441 Ryan Pass
205,Case,Larret,clarret5o@qq.com,Male,3/28/1966,825 Vernon Plaza
206,Ferdinanda,Sidle,fsidle5p@goodreads.com,Female,9/15/1975,5610 Shelley Circle
207,Padgett,McMoyer,pmcmoyer5q@xinhuanet.com,Male,6/13/2000,9525 Bowman Court
208,Rennie,Easbie,reasbie5r@csmonitor.com,Female,12/24/1978,8124 Jenifer Lane
209,Hieronymus,Kacheller,hkacheller5s@un.org,Male,1/31/1966,8553 Hauk Place
210,Duff,Clulow,dclulow5t@storify.com,Male,2/13/1964,25977 Wayridge Crossing
211,Hermia,Guilfoyle,hguilfoyle5u@icq.com,Female,10/23/1975,096 Rusk Parkway
212,Austina,Pietrowicz,apietrowicz5v@addthis.com,Female,1/31/1989,41009 Tomscot Center
213,Linoel,Asp,lasp5w@alibaba.com,Male,9/13/1989,0521 Kinsman Way
214,Windham,Mateos,wmateos5x@toplist.cz,Male,4/21/1964,95 International Terrace
215,Cirillo,Stringer,cstringer5y@irs.gov,Male,8/17/1972,705 Columbus Court
216,Matty,Munslow,mmunslow5z@dagondesign.com,Female,8/3/1976,358 Kensington Junction
217,Marjory,Hazelgrove,mhazelgrove60@about.me,Female,5/10/1980,7 Loeprich Court
218,Reidar,Targett,rtargett61@istockphoto.com,Male,1/10/1986,7868 Mitchell Crossing
219,Wileen,Brosh,wbrosh62@nytimes.com,Female,5/5/1999,6399 Del Mar Road
220,Marabel,Laval,mlaval63@statcounter.com,Female,1/5/1975,44 Novick Way
221,Sula,Kinavan,skinavan64@bloomberg.com,Female,12/27/2000,329 Lakeland Circle
222,Nick,Garrals,ngarrals65@springer.com,Male,7/22/1969,2 Buhler Drive
223,Eugenie,Fiddyment,efiddyment66@google.ca,Female,1/3/1961,21 Steensland Center
224,Yolane,Mathy,ymathy67@4shared.com,Female,7/2/1967,9 Maryland Circle
225,Stace,Tidman,stidman68@icio.us,Female,4/17/1980,4276 Nova Parkway
226,Wendye,Rawlingson,wrawlingson69@cyberchimps.com,Female,10/3/1976,28 Loomis Place
227,Tally,Sorey,tsorey6a@stumbleupon.com,Male,3/5/1999,741 Arkansas Place
228,Issi,Bushrod,ibushrod6b@yolasite.com,Female,10/5/1961,76 Novick Trail
229,Davin,Gierke,dgierke6c@clickbank.net,Male,4/8/1983,475 Burrows Junction
230,Remy,Egdale,regdale6d@opensource.org,Female,12/2/1969,201 Mandrake Junction
231,Duffy,Andreichik,dandreichik6e@ifeng.com,Male,2/4/1961,8 Armistice Road
232,Meryl,Strephan,mstrephan6f@51.la,Female,12/30/1968,14 Superior Way
233,Tammara,Hemms,themms6g@technorati.com,Female,12/7/2000,4 Oakridge Point
234,Lenard,Drinkwater,ldrinkwater6h@wufoo.com,Male,12/1/1966,77 Mallory Avenue
235,Jamison,Eseler,jeseler6i@washingtonpost.com,Male,8/23/1968,2661 Monument Pass
236,Putnem,Impy,pimpy6j@naver.com,Male,7/19/1994,39084 Pearson Parkway
237,Odette,Worgen,oworgen6k@youku.com,Female,3/21/1970,977 Corscot Plaza
238,Eziechiele,Wallenger,ewallenger6l@deviantart.com,Male,4/10/2000,839 Artisan Circle
239,Aldric,Guess,aguess6m@cargocollective.com,Male,2/3/1992,9 Mallory Drive
240,Elena,Guildford,eguildford6n@edublogs.org,Female,9/3/1996,58 Blue Bill Park Trail
241,Ody,Wallenger,owallenger6o@surveymonkey.com,Male,6/25/1987,359 Loeprich Park
242,Torrance,Olliar,tolliar6p@histats.com,Male,9/26/1963,2 Eastlawn Trail
243,Lorry,Janousek,ljanousek6q@arizona.edu,Female,6/11/1972,80 Saint Paul Pass
244,Olivette,Oakeshott,ooakeshott6r@reference.com,Female,1/27/1970,004 Maryland Terrace
245,Hodge,Semmence,hsemmence6s@fda.gov,Male,6/16/1984,7 Bowman Crossing
246,Mersey,Banasik,mbanasik6t@indiegogo.com,Female,3/5/1990,21 Harbort Junction
247,Ranique,Rist,rrist6u@google.it,Female,3/21/1964,2062 Carey Place
248,Shepherd,Lindell,slindell6v@newsvine.com,Male,8/19/1987,7 Mitchell Pass
249,Anastassia,Hort,ahort6w@miibeian.gov.cn,Female,2/4/1994,241 Bonner Point
250,Ivory,McIntee,imcintee6x@issuu.com,Female,1/17/1990,0479 Nevada Drive
251,Den,Pigden,dpigden6y@admin.ch,Male,6/3/1990,35108 Eagle Crest Trail
252,Ingra,Treneman,itreneman6z@uol.com.br,Male,5/11/2000,568 Clarendon Point
253,Mohandas,Andrelli,mandrelli70@wordpress.org,Male,2/8/1977,5808 Marquette Junction
254,Sonnie,Stang-Gjertsen,sstanggjertsen71@cloudflare.com,Male,11/13/1974,5 Westerfield Court
255,Llewellyn,Coolahan,lcoolahan72@go.com,Male,5/18/1993,6868 Warner Road
256,Kienan,Stickells,kstickells73@reference.com,Male,3/8/1960,6 Mariners Cove Trail
257,Quincey,Hirschmann,qhirschmann74@noaa.gov,Male,10/17/1960,669 Ramsey Road
258,Benn,Bleiman,bbleiman75@1und1.de,Male,1/26/1965,9929 Dunning Point
259,Andreas,Farquar,afarquar76@webs.com,Male,11/26/1983,475 Moland Parkway
260,Valencia,Lambillion,vlambillion77@symantec.com,Female,8/19/1962,60194 Maryland Point
261,Kyla,Bondy,kbondy78@php.net,Female,5/17/1971,2711 Lunder Place
262,Bari,Bailiss,bbailiss79@acquirethisname.com,Female,9/19/1962,4791 Service Drive
263,Jolyn,Millthorpe,jmillthorpe7a@huffingtonpost.com,Female,8/28/1998,134 Forest Way
264,Ab,Ballam,aballam7b@timesonline.co.uk,Male,7/2/1984,28 Chive Junction
265,Gasparo,Malpas,gmalpas7c@thetimes.co.uk,Male,8/18/1963,26 Gale Place
266,Mitchael,Lawey,mlawey7d@tripod.com,Male,4/17/1990,06212 Dakota Trail
267,Devan,Mordon,dmordon7e@ameblo.jp,Female,8/14/1968,066 Pearson Pass
268,Aigneis,Hartlebury,ahartlebury7f@icq.com,Female,8/11/1975,470 Tennyson Alley
269,Andria,Gann,agann7g@timesonline.co.uk,Female,3/17/1982,44117 1st Way
270,Morganica,Chicco,mchicco7h@cbc.ca,Female,3/19/1993,71 Tony Alley
271,Frasier,Pirazzi,fpirazzi7i@vistaprint.com,Male,5/16/1976,0 Chinook Parkway
272,Adler,Vasyatkin,avasyatkin7j@quantcast.com,Male,11/26/1983,73 Fair Oaks Alley
273,Kareem,Eatock,keatock7k@wp.com,Male,5/9/1993,2696 Village Lane
274,Valentine,Witchalls,vwitchalls7l@tmall.com,Male,4/17/1961,85 Duke Circle
275,Bernie,Imrie,bimrie7m@usnews.com,Male,10/11/1996,4 Morning Trail
276,Percy,Thyng,pthyng7n@about.me,Male,12/28/1989,23818 Forest Dale Crossing
277,Sergei,Dodding,sdodding7o@go.com,Male,5/3/1968,2974 Cody Junction
278,Kerby,Rozenzweig,krozenzweig7p@tmall.com,Male,4/24/1993,68 Marcy Lane
279,Bald,Naisbet,bnaisbet7q@jalbum.net,Male,3/2/1962,69 Pawling Center
280,Anabal,Boichat,aboichat7r@liveinternet.ru,Female,2/20/1998,8 Melvin Junction
281,Tamra,Autry,tautry7s@goo.ne.jp,Female,9/24/1998,962 Dexter Drive
282,Olimpia,Standley,ostandley7t@a8.net,Female,12/16/1970,960 Springs Pass
283,Tamas,Puddin,tpuddin7u@addtoany.com,Male,11/25/1980,1672 Shelley Avenue
284,Leslie,Eldin,leldin7v@4shared.com,Male,3/18/1995,97843 Spaight Place
285,Vanna,Gorusso,vgorusso7w@google.es,Female,6/25/1978,51990 Grayhawk Lane
286,Vince,Soal,vsoal7x@artisteer.com,Male,9/25/1960,146 Judy Pass
287,Simone,Boas,sboas7y@bing.com,Male,1/31/1988,01 Mcguire Place
288,Grantham,Borthram,gborthram7z@mayoclinic.com,Male,9/3/1963,77 Wayridge Pass
289,Gerrilee,Domleo,gdomleo80@goo.ne.jp,Female,7/9/1978,8893 Clyde Gallagher Crossing
290,La verne,Balnaves,lbalnaves81@nyu.edu,Female,7/4/1991,20318 Loomis Hill
291,Mora,Cleveland,mcleveland82@livejournal.com,Female,9/29/1960,2 Paget Center
292,Alica,Passo,apasso83@usa.gov,Female,4/14/1998,1813 Toban Trail
293,Lion,Willerton,lwillerton84@virginia.edu,Male,3/12/1998,17 Butternut Drive
294,Abrahan,Rookledge,arookledge85@tuttocitta.it,Male,7/30/1990,5 Elka Drive
295,Skippy,Barthropp,sbarthropp86@ox.ac.uk,Male,7/2/1973,77975 Parkside Way
296,Gaby,Labbet,glabbet87@soup.io,Male,1/13/1996,566 Claremont Parkway
297,Gabie,Libbis,glibbis88@bluehost.com,Male,3/21/1986,87508 Johnson Avenue
298,Bernie,Pashler,bpashler89@nifty.com,Male,9/11/1995,8 Westend Park
299,Englebert,Ackenson,eackenson8a@bbb.org,Male,8/16/1966,17 Larry Pass
300,Smith,Fallow,sfallow8b@furl.net,Male,4/2/1960,103 Portage Terrace
301,Claudell,Ivons,civons8c@ebay.co.uk,Male,11/28/1977,0 Milwaukee Plaza
302,Breanne,Huxtable,bhuxtable8d@umn.edu,Female,7/18/1994,992 Columbus Parkway
303,Conrado,Bunyan,cbunyan8e@alibaba.com,Male,10/31/1981,4111 Alpine Hill
304,Florentia,Dimock,fdimock8f@wired.com,Female,7/23/1999,5 Homewood Pass
305,Alonso,Smalles,asmalles8g@github.io,Male,4/2/1963,432 Hudson Plaza
306,Vito,Stokoe,vstokoe8h@cisco.com,Male,4/26/1978,7 Autumn Leaf Point
307,Dagny,Dorsett,ddorsett8i@pinterest.com,Male,10/2/1970,098 Shopko Way
308,Edmund,Balaison,ebalaison8j@ifeng.com,Male,11/23/1995,2 Lyons Circle
309,Sydney,Stuchberry,sstuchberry8k@springer.com,Male,10/26/1962,5 Paget Junction
310,Jaine,Thackeray,jthackeray8l@statcounter.com,Female,9/6/1996,3513 Elmside Center
311,Kristal,Balazs,kbalazs8m@dell.com,Female,12/15/1993,8 Main Alley
312,Adlai,Bestwerthick,abestwerthick8n@friendfeed.com,Male,3/27/1964,4 Longview Street
313,Marabel,Tregust,mtregust8o@reference.com,Female,3/31/1980,08 Schurz Junction
314,Elmira,Cowdrey,ecowdrey8p@php.net,Female,7/4/1996,83 Birchwood Parkway
315,Penni,Broxton,pbroxton8q@nbcnews.com,Female,12/22/1981,4450 Crownhardt Terrace
316,Mureil,Sollis,msollis8r@imdb.com,Female,7/17/1973,64 Birchwood Point
317,Ignazio,Olive,iolive8s@youtu.be,Male,5/18/1966,625 Towne Center
318,Mikol,Bramble,mbramble8t@ucoz.ru,Male,12/12/2000,71109 Donald Plaza
319,Fransisco,Huggin,fhuggin8u@illinois.edu,Male,8/8/1967,33 Rowland Way
320,Timothea,Kenan,tkenan8v@salon.com,Female,4/14/1962,39 Bluestem Plaza
321,Maybelle,Todd,mtodd8w@free.fr,Female,12/11/1987,02 Sheridan Trail
322,Martina,Mandeville,mmandeville8x@apache.org,Female,2/11/1980,401 Texas Pass
323,Winnah,Painter,wpainter8y@alibaba.com,Female,9/15/1984,91 Bartillon Parkway
324,Rakel,Lanfare,rlanfare8z@discovery.com,Female,7/25/1966,154 Crownhardt Alley
325,Carmelita,Attwater,cattwater90@goo.gl,Female,10/30/1973,2 International Alley
326,Morly,Gownge,mgownge91@latimes.com,Male,5/4/1970,43382 Golf Course Plaza
327,Madeleine,Brea,mbrea92@nbcnews.com,Female,10/11/1976,16889 Morningstar Place
328,Myrvyn,Skarr,mskarr93@flavors.me,Male,3/20/1961,93674 Evergreen Avenue
329,Ellen,Graith,egraith94@jugem.jp,Female,9/30/1975,815 Hintze Drive
330,Blancha,Lavallin,blavallin95@timesonline.co.uk,Female,7/13/1963,5395 Killdeer Trail
331,Elinore,Lesslie,elesslie96@phpbb.com,Female,1/11/1991,55 Atwood Court
332,Paulie,Tremonte,ptremonte97@webmd.com,Male,8/19/1985,5 Messerschmidt Street
333,Curt,Nealand,cnealand98@aol.com,Male,2/26/1985,6738 Morning Alley
334,Pembroke,Francisco,pfrancisco99@fastcompany.com,Male,1/23/1972,4 West Court
335,Pebrook,Treneman,ptreneman9a@house.gov,Male,8/7/1982,60 Hintze Street
336,Judd,Spikeings,jspikeings9b@123-reg.co.uk,Male,12/12/1994,513 Bay Drive
337,Enos,Jendrach,ejendrach9c@xing.com,Male,4/29/1968,897 Gina Terrace
338,Mellicent,Yeandel,myeandel9d@bbc.co.uk,Female,3/3/1996,4049 Rieder Terrace
339,Nicol,Thorsby,nthorsby9e@redcross.org,Female,11/27/1980,0638 Dennis Lane
340,Diarmid,Barkworth,dbarkworth9f@netscape.com,Male,9/5/1979,3849 Kedzie Place
341,Sherri,Ripsher,sripsher9g@dion.ne.jp,Female,4/30/1976,09921 Dennis Road
342,Alethea,Pundy,apundy9h@networksolutions.com,Female,10/20/1988,5 Steensland Alley
343,Jeremiah,Woodland,jwoodland9i@samsung.com,Male,1/19/1974,47 Nevada Lane
344,Brook,Lampart,blampart9j@umich.edu,Male,5/1/1990,64 Morningstar Pass
345,Tierney,Faux,tfaux9k@linkedin.com,Female,1/7/1999,2938 Fairview Junction
346,Melissa,McAster,mmcaster9l@vimeo.com,Female,8/22/1980,140 Ilene Point
347,Matilda,Berrane,mberrane9m@blog.com,Female,5/1/1997,504 Cascade Pass
348,Cazzie,Sacco,csacco9n@answers.com,Male,6/22/1963,22 Graceland Park
349,Lyn,Sked,lsked9o@exblog.jp,Male,2/2/1964,781 Talisman Plaza
350,Abbot,Wahlberg,awahlberg9p@house.gov,Male,1/25/1966,11584 Northview Place
351,Rochell,Lanegran,rlanegran9q@google.co.uk,Female,9/26/1975,2 Vahlen Center
352,Tally,Pothergill,tpothergill9r@youtu.be,Male,4/1/1964,61660 Elmside Terrace
353,Rosabelle,Durek,rdurek9s@angelfire.com,Female,12/9/1974,13 La Follette Center
354,Gisella,Fawthrop,gfawthrop9t@usgs.gov,Female,10/5/1989,85 Lakeland Terrace
355,Alan,Edwicke,aedwicke9u@tiny.cc,Male,7/25/1964,4784 Clyde Gallagher Parkway
356,Onfre,Pietesch,opietesch9v@tripadvisor.com,Male,1/19/1966,01958 Cardinal Way
357,Darcy,Dict,ddict9w@yolasite.com,Female,12/27/1963,01 Burrows Drive
358,Hermina,Beeswing,hbeeswing9x@youtube.com,Female,12/6/1983,52844 3rd Center
359,Marta,Covill,mcovill9y@fotki.com,Female,7/26/1989,4748 Brentwood Court
360,Salvador,Falco,sfalco9z@hubpages.com,Male,10/7/1977,6020 Tomscot Circle
361,Vidovik,Easby,veasbya0@kickstarter.com,Male,6/23/1998,8 Becker Trail
362,Shea,Lelliott,slelliotta1@artisteer.com,Female,7/24/1962,7 Moland Circle
363,Gus,Jacmar,gjacmara2@epa.gov,Male,1/22/2001,81 Forest Street
364,Wallis,Berwick,wberwicka3@harvard.edu,Male,8/25/1978,97 Meadow Ridge Drive
365,Archer,Huddle,ahuddlea4@goo.gl,Male,11/4/1964,2534 Westport Place
366,Feliza,LAbbet,flabbeta5@webmd.com,Female,5/9/1961,9051 Golden Leaf Pass
367,Humfried,Henriques,hhenriquesa6@topsy.com,Male,12/23/2000,5269 Hudson Alley
368,Aldous,Landall,alandalla7@flavors.me,Male,3/3/1978,16 Heath Terrace
369,Sigmund,Peagram,speagrama8@creativecommons.org,Male,7/16/1967,7537 Kim Place
370,Charlotte,Kensit,ckensita9@princeton.edu,Female,6/9/1961,35 Hauk Trail
371,Noland,Pee,npeeaa@desdev.cn,Male,8/31/1978,76 Fulton Point
372,Yelena,Pollett,ypollettab@springer.com,Female,9/11/1998,288 Esker Trail
373,Felita,Barnsdall,fbarnsdallac@privacy.gov.au,Female,11/9/1976,05475 Green Place
374,Natka,Burdoun,nburdounad@weibo.com,Female,7/2/1960,33839 Hudson Parkway
375,Pietrek,Mc Grath,pmcgrathae@usda.gov,Male,8/13/2000,9377 Eagle Crest Street
376,Rawley,Cowndley,rcowndleyaf@tinypic.com,Male,8/12/1997,4 Ruskin Drive
377,Yasmin,Shanahan,yshanahanag@blogs.com,Female,4/25/1979,41 Miller Place
378,Gardy,Tomasoni,gtomasoniah@cornell.edu,Male,3/12/2001,1951 Browning Place
379,Silvio,McCue,smccueai@techcrunch.com,Male,11/12/1992,87216 Crownhardt Crossing
380,Aron,Podd,apoddaj@unc.edu,Male,8/4/1987,61283 Anthes Hill
381,Guillermo,Gohier,ggohierak@exblog.jp,Male,12/3/1964,85 Almo Road
382,Chick,Antoney,cantoneyal@nhs.uk,Male,3/25/2001,19022 Spenser Street
383,Derril,Streater,dstreateram@nyu.edu,Male,2/7/1999,9 Crownhardt Park
384,Antone,Ronaghan,aronaghanan@bluehost.com,Male,1/12/1985,83 Sheridan Hill
385,Waverly,Bussetti,wbussettiao@vimeo.com,Male,6/28/1990,8 East Place
386,Iosep,Deverille,ideverilleap@nytimes.com,Male,9/28/1993,36 Dixon Trail
387,Halley,Reckhouse,hreckhouseaq@ehow.com,Female,7/3/1984,68 Tennyson Point
388,Marcos,Eshelby,meshelbyar@google.cn,Male,8/24/1983,17 Fremont Crossing
389,Ulberto,Almak,ualmakas@dell.com,Male,3/3/1997,66 Stephen Avenue
390,Bruno,Sillars,bsillarsat@google.com.au,Male,8/2/1976,962 Nova Center
391,Brod,Burges,bburgesau@live.com,Male,9/16/1995,0 Eagan Way
392,Dorise,Whifen,dwhifenav@mapquest.com,Female,4/6/1960,72711 Toban Way
393,Carolyn,MacNucator,cmacnucatoraw@yellowpages.com,Female,10/31/1966,06392 Hazelcrest Hill
394,Jim,Southway,jsouthwayax@artisteer.com,Male,3/24/1967,59274 Sutherland Place
395,Malynda,Harwood,mharwooday@sun.com,Female,9/13/1965,09792 Moose Place
396,Kristina,Pinock,kpinockaz@imgur.com,Female,1/3/1981,3299 Spohn Lane
397,Lanny,Schlagh,lschlaghb0@pcworld.com,Male,10/31/1961,679 Macpherson Avenue
398,Nestor,Plom,nplomb1@typepad.com,Male,6/30/1995,28119 Badeau Hill
399,Joelie,Strathdee,jstrathdeeb2@sina.com.cn,Female,4/7/1974,61 Columbus Hill
400,Bern,Bangs,bbangsb3@fda.gov,Male,8/11/1968,2744 Bunting Road
401,Hermon,Bello,hbellob4@ox.ac.uk,Male,11/6/1981,08 Crest Line Plaza
402,Isaak,Motto,imottob5@msu.edu,Male,5/18/1979,1785 Carey Court
403,Albert,Camoletto,acamolettob6@biglobe.ne.jp,Male,12/31/1964,83 Ridgeway Terrace
404,Nerti,Aingel,naingelb7@google.co.jp,Female,2/15/1961,20757 Pierstorff Hill
405,Tandi,Davidescu,tdavidescub8@icio.us,Female,6/13/1979,0 Longview Way
406,Esdras,Blackburne,eblackburneb9@de.vu,Male,6/4/1982,9373 Bellgrove Plaza
407,Margo,Scrinage,mscrinageba@oracle.com,Female,9/6/1968,4786 Bartelt Way
408,Noellyn,Gheraldi,ngheraldibb@rediff.com,Female,10/15/1984,51 Judy Plaza
409,Carita,Setterthwait,csetterthwaitbc@cisco.com,Female,10/27/1964,3 Messerschmidt Place
410,Ysabel,Christoffe,ychristoffebd@e-recht24.de,Female,11/27/1986,4 Derek Road
411,Elizabeth,Blaisdell,eblaisdellbe@census.gov,Female,1/31/1991,521 Dahle Terrace
412,Shena,Ifill,sifillbf@ucoz.ru,Female,3/11/1987,589 Lukken Lane
413,Kylie,Teasell,kteasellbg@blogtalkradio.com,Male,2/15/1978,139 Marquette Lane
414,Lesli,Covotti,lcovottibh@imageshack.us,Female,9/18/1984,237 Goodland Place
415,Wileen,De la croix,wdelacroixbi@alexa.com,Female,6/3/1999,07843 Nelson Park
416,Marten,Dominici,mdominicibj@gizmodo.com,Male,12/18/1976,46 Bluejay Center
417,Blake,Scobie,bscobiebk@comsenz.com,Male,1/9/1995,34 Superior Terrace
418,Bianca,Draaisma,bdraaismabl@shutterfly.com,Female,4/10/2001,3 Logan Way
419,Yurik,Mariette,ymariettebm@canalblog.com,Male,6/29/1991,87 Gulseth Way
420,Kath,Jindra,kjindrabn@unesco.org,Female,4/6/1971,7430 Beilfuss Hill
421,Virginie,Laible,vlaiblebo@fastcompany.com,Female,7/17/2001,4352 Dapin Trail
422,Gwenette,Inglis,ginglisbp@geocities.com,Female,7/6/1984,993 Bluejay Street
423,Marvin,Moylan,mmoylanbq@mac.com,Male,11/26/1968,431 Northview Junction
424,Karalynn,Bartolic,kbartolicbr@qq.com,Female,1/27/1984,50 Oriole Plaza
425,Alyssa,Boame,aboamebs@china.com.cn,Female,1/19/1960,5 Mendota Pass
426,Falkner,Renne,frennebt@ow.ly,Male,4/19/1975,6 Waxwing Plaza
427,Dav,Vaadeland,dvaadelandbu@tripadvisor.com,Male,3/19/1978,2 Stone Corner Drive
428,Esme,Rraundl,erraundlbv@arstechnica.com,Female,4/18/1994,536 Badeau Parkway
429,Rania,Gateman,rgatemanbw@hao123.com,Female,4/7/1973,03 Lerdahl Court
430,Margaretta,Cordier,mcordierbx@tmall.com,Female,7/7/1985,90 Laurel Road
431,Maje,Freeland,mfreelandby@oracle.com,Male,9/16/1991,7 Portage Road
432,Maynard,Doutch,mdoutchbz@salon.com,Male,4/2/1985,248 Almo Trail
433,Randy,Chattey,rchatteyc0@mlb.com,Male,9/4/1989,68 Lien Park
434,Laetitia,D'Souza,ldsouzac1@usda.gov,Female,8/8/1997,8 North Place
435,Dynah,Bradock,dbradockc2@de.vu,Female,2/8/1966,2 Mayfield Park
436,Aharon,Seniour,aseniourc3@ed.gov,Male,3/28/1986,76 3rd Trail
437,Luciana,Bachman,lbachmanc4@examiner.com,Female,10/28/1968,88427 Ludington Point
438,Florence,Jeroch,fjerochc5@noaa.gov,Female,1/3/1962,5 Sachtjen Center
439,Padgett,Spurden,pspurdenc6@columbia.edu,Male,10/16/1981,648 Lawn Trail
440,Idelle,Sprakes,isprakesc7@bloglines.com,Female,5/23/1994,663 Warbler Point
441,Garrot,Vittori,gvittoric8@nyu.edu,Male,4/15/1960,5249 Granby Center
442,Karola,Maginn,kmaginnc9@shinystat.com,Female,6/10/1979,93 Comanche Trail
443,Brose,Radbourn,bradbournca@youku.com,Male,7/3/1972,7 Buena Vista Place
444,Henry,Trahear,htrahearcb@cloudflare.com,Male,7/12/2001,2051 Northport Court
445,Martguerita,Tomisch,mtomischcc@techcrunch.com,Female,2/16/1989,8 Mayfield Avenue
446,Berget,Domleo,bdomleocd@nhs.uk,Female,12/24/1974,160 Myrtle Court
447,Ingrid,Trevaskus,itrevaskusce@fotki.com,Female,4/30/1969,860 Melody Street
448,Kellen,Mutlow,kmutlowcf@nsw.gov.au,Female,6/16/1994,6 Pawling Lane
449,Freddie,Kettridge,fkettridgecg@google.com.hk,Female,3/29/1992,77 Walton Alley
450,Meggi,Sargeant,msargeantch@patch.com,Female,1/26/1960,79 Scott Avenue
451,Artemis,Dummer,adummerci@ustream.tv,Male,1/7/1973,43364 Hauk Pass
452,Levi,Julyan,ljulyancj@auda.org.au,Male,9/23/2001,52 Rutledge Park
453,Demott,Dunwoody,ddunwoodyck@smh.com.au,Male,7/28/1978,9039 Dennis Pass
454,Cristobal,Devita,cdevitacl@vk.com,Male,5/9/1994,145 Oxford Place
455,Emilio,Hutchins,ehutchinscm@hud.gov,Male,12/21/1991,82 Milwaukee Terrace
456,Scott,Salzburg,ssalzburgcn@wix.com,Male,4/19/1997,85 Esker Park
457,Christa,Gianettini,cgianettinico@g.co,Female,4/12/1960,6912 American Ash Road
458,Elana,Praten,epratencp@booking.com,Female,6/11/1984,57720 Di Loreto Way
459,Nichole,Wessing,nwessingcq@liveinternet.ru,Male,7/13/1978,373 Morningstar Parkway
460,Marleah,Bras,mbrascr@livejournal.com,Female,3/6/1967,0 Barnett Circle
461,Erv,Yuryev,eyuryevcs@opensource.org,Male,3/13/1983,19 Petterle Park
462,Georgi,Hendron,ghendronct@timesonline.co.uk,Male,9/30/1988,1 Mandrake Lane
463,Adara,Ducket,aducketcu@photobucket.com,Female,12/15/1987,2455 Havey Center
464,Travers,Letixier,tletixiercv@wisc.edu,Male,4/8/1997,175 Morning Court
465,Adah,Keeble,akeeblecw@reference.com,Female,9/22/1998,99124 Bultman Junction
466,Darcy,Grimm,dgrimmcx@unc.edu,Male,4/15/2001,87 Rutledge Plaza
467,Benyamin,Harragin,bharragincy@google.ru,Male,3/12/1970,39736 Hollow Ridge Place
468,Innis,Sprowles,isprowlescz@wunderground.com,Male,4/28/1973,9 Moose Court
469,Boigie,Perri,bperrid0@blogs.com,Male,10/9/1966,58 Kennedy Center
470,Curtis,Portlock,cportlockd1@nba.com,Male,3/15/1999,7 Lyons Terrace
471,Con,Hagart,chagartd2@macromedia.com,Female,2/2/1960,10 Westerfield Alley
472,Ashlin,Obell,aobelld3@slideshare.net,Male,3/26/1983,265 Harbort Lane
473,Cynthia,Bowness,cbownessd4@twitpic.com,Female,9/16/1992,2 Mccormick Pass
474,Dominik,Bimrose,dbimrosed5@exblog.jp,Male,7/3/1978,718 Basil Terrace
475,Erin,Camoletto,ecamolettod6@ycombinator.com,Female,6/3/1973,70116 Bonner Way
476,Simona,Batterton,sbattertond7@omniture.com,Female,5/26/1991,6065 New Castle Crossing
477,Margie,Garbutt,mgarbuttd8@drupal.org,Female,10/3/1980,62328 Little Fleur Street
478,Elli,Moodey,emoodeyd9@feedburner.com,Female,11/14/1982,21 Warrior Road
479,Killian,Norster,knorsterda@1688.com,Male,2/19/1993,074 Di Loreto Court
480,Tracy,Steptow,tsteptowdb@shutterfly.com,Male,6/5/1983,0 Duke Avenue
481,Velma,Reddish,vreddishdc@discovery.com,Female,5/1/1991,39429 Barby Plaza
482,Doralyn,Loffhead,dloffheaddd@sun.com,Female,7/17/1970,51390 Darwin Terrace
483,Blair,Fiddymont,bfiddymontde@geocities.com,Male,7/14/1964,1 Cambridge Center
484,Moll,Sevitt,msevittdf@fastcompany.com,Female,6/13/1981,9 Eagle Crest Parkway
485,Pooh,Simunek,psimunekdg@taobao.com,Male,8/27/1988,7 Oxford Avenue
486,Weider,Durbann,wdurbanndh@apache.org,Male,4/8/1980,00 Heath Drive
487,Lu,Oliphand,loliphanddi@ox.ac.uk,Female,12/20/1968,310 Sheridan Way
488,Konstantin,Sarfass,ksarfassdj@upenn.edu,Male,10/21/1994,848 Clemons Lane
489,Hi,Tingey,htingeydk@cdbaby.com,Male,10/20/1994,04124 Farragut Court
490,Issy,Pedrozzi,ipedrozzidl@timesonline.co.uk,Female,10/17/1983,26918 Anthes Junction
491,Olympe,Warwicker,owarwickerdm@hp.com,Female,7/2/2000,1258 Londonderry Place
492,Daffy,Billinge,dbillingedn@msn.com,Female,6/4/1997,29 Havey Street
493,Arnie,Elnough,aelnoughdo@ucla.edu,Male,9/21/1977,9984 Weeping Birch Place
494,Harper,Givens,hgivensdp@cyberchimps.com,Male,10/4/1979,165 Mallory Alley
495,Lilyan,Curwen,lcurwendq@tiny.cc,Female,7/7/1984,232 Village Green Trail
496,Harlen,Alesi,halesidr@opera.com,Male,12/16/2000,08659 Hintze Point
497,Shepperd,Dancer,sdancerds@phpbb.com,Male,2/9/1982,306 Granby Street
498,Katharyn,Dutt,kduttdt@github.com,Female,9/2/1987,88204 Steensland Court
499,Pavlov,Skentelbury,pskentelburydu@mlb.com,Male,6/23/1995,47575 Maywood Lane
500,Edie,Nunes Nabarro,enunesnabarrodv@epa.gov,Female,9/20/1960,09548 Colorado Circle
501,Vanni,Hartridge,vhartridgedw@yellowpages.com,Female,12/29/1978,66 Upham Court
502,Michelina,Moyles,mmoylesdx@angelfire.com,Female,4/25/1965,1 Bobwhite Drive
503,Helene,Wooland,hwoolanddy@forbes.com,Female,1/3/1985,78 Hazelcrest Place
504,Athena,Sallery,asallerydz@china.com.cn,Female,1/8/1993,9 Homewood Parkway
505,Brit,Haye,bhayee0@51.la,Male,7/11/1993,31 Farwell Point
506,Murdoch,Sole,msolee1@phoca.cz,Male,9/17/1982,746 Cascade Court
507,Erica,Pittle,epittlee2@jimdo.com,Female,12/19/1973,0459 Village Green Terrace
508,Meara,Guitel,mguitele3@tripadvisor.com,Female,4/24/1983,56795 Continental Parkway
509,Roxana,Maraga,rmaragae4@hc360.com,Female,7/20/1988,6 Lakeland Crossing
510,Cyrille,Gann,cganne5@mysql.com,Male,9/12/1989,7 Delladonna Hill
511,Hewett,Roblou,hrobloue6@fda.gov,Male,11/28/1983,471 Dwight Drive
512,Robbie,Summergill,rsummergille7@printfriendly.com,Female,6/11/1964,842 Lunder Road
513,Burl,Bumpass,bbumpasse8@mlb.com,Male,9/9/1991,3 Coleman Plaza
514,Neall,Bragginton,nbraggintone9@elpais.com,Male,10/23/1989,3512 Carberry Lane
515,Jerome,Fellos,jfellosea@4shared.com,Male,8/30/1978,9 8th Way
516,Billye,Bernocchi,bbernocchieb@samsung.com,Female,1/19/1985,26527 Moulton Pass
517,Derick,Cadman,dcadmanec@flavors.me,Male,6/29/1965,6 Northfield Circle
518,Sandro,Drewes,sdrewesed@dot.gov,Male,5/19/1981,01 Oriole Plaza
519,Kylie,Condliffe,kcondliffeee@rakuten.co.jp,Male,9/25/1971,50158 Graceland Hill
520,Dena,Dabes,ddabesef@epa.gov,Female,1/27/1997,87 Delladonna Hill
521,Kari,Crowdson,kcrowdsoneg@prweb.com,Female,8/1/1982,44 Gale Terrace
522,Maryellen,Kilner,mkilnereh@spiegel.de,Female,10/4/1998,18 Nelson Way
523,Kimmi,Talks,ktalksei@cdc.gov,Female,10/10/1981,273 Marcy Trail
524,Dorotea,Burnhill,dburnhillej@msu.edu,Female,4/21/1963,970 Dwight Terrace
525,Perle,Wadley,pwadleyek@feedburner.com,Female,8/3/1996,86721 Summit Junction
526,Lew,Cornu,lcornuel@wikispaces.com,Male,10/11/1991,6 Bunker Hill Road
527,Korry,Tetley,ktetleyem@hatena.ne.jp,Female,11/13/1973,94496 Toban Terrace
528,Valry,Brisard,vbrisarden@mac.com,Female,4/27/1994,6 Washington Pass
529,Raye,Houndson,rhoundsoneo@google.com,Female,8/26/1993,1141 Montana Place
530,Leonerd,Gout,lgoutep@cnbc.com,Male,2/24/1977,3 South Alley
531,Finn,Tolomelli,ftolomellieq@biblegateway.com,Male,5/19/2001,14714 Larry Circle
532,Griz,Ham,ghamer@youtu.be,Male,7/24/1978,176 Brown Park
533,Alvina,Cars,acarses@engadget.com,Female,3/2/1983,4915 Valley Edge Parkway
534,Shelden,Totman,stotmanet@illinois.edu,Male,12/23/1983,242 Arapahoe Trail
535,Christie,Loveman,clovemaneu@list-manage.com,Male,3/22/1988,23 Starling Plaza
536,Georgena,Plane,gplaneev@hc360.com,Female,9/16/1997,7 Clarendon Plaza
537,Jacynth,Dell,jdellew@photobucket.com,Female,6/23/1987,0229 Carpenter Parkway
538,Eleonora,Hammerberger,ehammerbergerex@berkeley.edu,Female,8/4/1974,9992 Bobwhite Point
539,Archibald,Trahearn,atrahearney@google.nl,Male,3/27/1969,0 Buena Vista Alley
540,Nichols,Aldwinckle,naldwinckleez@phpbb.com,Male,5/1/1960,1100 Bartelt Plaza
541,Bertina,Habbin,bhabbinf0@sciencedaily.com,Female,12/5/1967,84803 Sullivan Terrace
542,Loria,Raisbeck,lraisbeckf1@gravatar.com,Female,6/26/1961,709 Ruskin Circle
543,Flor,Mandel,fmandelf2@a8.net,Female,6/8/1994,964 Tomscot Drive
544,Austine,Meekings,ameekingsf3@printfriendly.com,Female,8/28/1997,408 Scoville Pass
545,Nero,Cadd,ncaddf4@samsung.com,Male,2/1/1994,576 Merrick Way
546,Regina,Nassau,rnassauf5@time.com,Female,1/16/1987,05674 Paget Center
547,Binnie,Suthren,bsuthrenf6@tamu.edu,Female,10/9/1971,87 Moland Avenue
548,Hamil,Dedham,hdedhamf7@wikia.com,Male,2/7/1988,2714 Fair Oaks Parkway
549,Harlan,Stilgo,hstilgof8@wsj.com,Male,5/26/1999,69949 Nevada Court
550,Glenden,Piwall,gpiwallf9@usnews.com,Male,10/17/1966,4 5th Crossing
551,Nady,Rugieri,nrugierifa@1688.com,Female,2/21/1995,9597 Golf Course Alley
552,Lorne,Kumaar,lkumaarfb@nsw.gov.au,Male,3/21/1994,80574 Carberry Drive
553,Teresita,Oxenbury,toxenburyfc@ucla.edu,Female,11/22/1989,9 Helena Park
554,Vern,Parbrook,vparbrookfd@comsenz.com,Male,10/26/1975,343 Nova Lane
555,Ileana,Roelvink,iroelvinkfe@hc360.com,Female,4/9/1980,186 Novick Court
556,Jaquelyn,Mintrim,jmintrimff@canalblog.com,Female,12/29/1966,09733 Lakewood Gardens Circle
557,Saunders,Ferro,sferrofg@shop-pro.jp,Male,1/15/1996,574 Schlimgen Parkway
558,Tracey,Murkus,tmurkusfh@scribd.com,Female,6/19/1964,722 Fuller Way
559,Leda,Yushachkov,lyushachkovfi@ycombinator.com,Female,4/12/1973,22 Jackson Point
560,Mallissa,Kinzett,mkinzettfj@nationalgeographic.com,Female,12/31/2001,7 Menomonie Hill
561,Gherardo,Di Dello,gdidellofk@nydailynews.com,Male,12/7/1990,54712 Logan Street
562,Weylin,Sterland,wsterlandfl@free.fr,Male,7/29/1992,61878 Forest Dale Hill
563,Brewster,Raulston,braulstonfm@buzzfeed.com,Male,5/31/1990,106 Park Meadow Court
564,Giuseppe,Robichon,grobichonfn@fc2.com,Male,7/22/1996,467 Nova Parkway
565,Julietta,Eddy,jeddyfo@google.es,Female,5/19/1985,3 Knutson Center
566,Bessy,Lettley,blettleyfp@bravesites.com,Female,7/23/1988,1 Comanche Way
567,Vannie,Olek,volekfq@craigslist.org,Female,10/19/1982,486 Hazelcrest Center
568,Wynn,Jachtym,wjachtymfr@addthis.com,Female,4/6/1976,13887 Weeping Birch Court
569,Corbet,Madigan,cmadiganfs@tuttocitta.it,Male,7/3/1961,5077 Graedel Court
570,Chariot,Wint,cwintft@cornell.edu,Male,3/31/1989,42 Jackson Lane
571,Phil,Cortes,pcortesfu@nasa.gov,Male,11/13/1961,138 Nobel Street
572,Tome,Thying,tthyingfv@utexas.edu,Male,6/21/1969,71603 Hagan Place
573,Hadria,Rudgard,hrudgardfw@joomla.org,Female,1/17/1962,58 Shoshone Plaza
574,Elyssa,Creaser,ecreaserfx@devhub.com,Female,8/12/1987,5 Cordelia Avenue
575,Rozina,Wickson,rwicksonfy@freewebs.com,Female,10/12/2000,23 Stone Corner Pass
576,Kellsie,Cotterel,kcotterelfz@instagram.com,Female,4/11/1995,1913 Northview Parkway
577,Bunny,Fursse,bfursseg0@bloglovin.com,Female,6/30/1999,449 Miller Hill
578,Nevile,Bletsor,nbletsorg1@epa.gov,Male,7/24/1964,82 Doe Crossing Circle
579,Wiley,Jadczak,wjadczakg2@dell.com,Male,8/2/1971,590 Warrior Junction
580,Jo ann,McNiff,jmcniffg3@simplemachines.org,Female,7/4/1976,5897 Bayside Avenue
581,Jill,Ealden,jealdeng4@go.com,Female,5/28/1960,507 Lakewood Hill
582,Yevette,Gossart,ygossartg5@hibu.com,Female,6/9/1993,9 Talmadge Way
583,Laurie,Smillie,lsmillieg6@rakuten.co.jp,Female,12/10/1978,08 Ludington Avenue
584,Frans,Delamar,fdelamarg7@gizmodo.com,Male,4/23/1965,7895 Surrey Way
585,Stevena,Jillis,sjillisg8@squidoo.com,Female,12/20/2001,1155 Summer Ridge Center
586,Tamarra,Peedell,tpeedellg9@upenn.edu,Female,8/1/1969,2846 Ronald Regan Drive
587,Joby,Innman,jinnmanga@mashable.com,Female,12/18/1971,94632 Sycamore Center
588,Paquito,Cutress,pcutressgb@blog.com,Male,3/7/1988,8529 Chinook Road
589,Hortensia,Kolczynski,hkolczynskigc@go.com,Female,5/8/1968,447 Valley Edge Point
590,Tallia,Geyton,tgeytongd@liveinternet.ru,Female,4/26/1985,2 Clarendon Pass
591,Keefer,Paull,kpaullge@chronoengine.com,Male,11/10/1981,19 7th Plaza
592,Lurlene,Spencelayh,lspencelayhgf@google.com.au,Female,5/19/1992,26 Morningstar Center
593,Clarinda,Hoggins,chogginsgg@slideshare.net,Female,10/7/1988,460 Spaight Park
594,Inglis,Filyakov,ifilyakovgh@geocities.jp,Male,11/18/1969,481 Swallow Avenue
595,Trista,Etteridge,tetteridgegi@nasa.gov,Female,6/5/1992,6558 Lerdahl Hill
596,Malissia,Albutt,malbuttgj@mysql.com,Female,4/5/1976,1334 Rigney Plaza
597,Nickie,Redfield,nredfieldgk@dailymail.co.uk,Male,4/3/1993,7615 Weeping Birch Point
598,Chandal,Sommerville,csommervillegl@vk.com,Female,11/1/1971,5 Delladonna Lane
599,Concettina,Butrimovich,cbutrimovichgm@gmpg.org,Female,4/12/1986,05405 Corry Center
600,Shelba,Gillum,sgillumgn@opensource.org,Female,8/14/1972,50004 Farragut Terrace
601,Roddie,Royse,rroysego@photobucket.com,Male,2/15/1971,70 Starling Avenue
602,Merle,MacLice,mmaclicegp@jimdo.com,Female,11/1/1979,8463 Pleasure Court
603,Darbie,Sergant,dsergantgq@who.int,Female,12/23/1973,3167 Hollow Ridge Center
604,Elianore,Oherlihy,eoherlihygr@blogs.com,Female,9/16/1970,42268 Towne Lane
605,Cherlyn,Tonbridge,ctonbridgegs@go.com,Female,4/24/1969,573 Caliangt Hill
606,Daphne,Fairlem,dfairlemgt@twitpic.com,Female,4/9/2000,218 Novick Hill
607,Taite,Dettmar,tdettmargu@free.fr,Male,8/13/1964,1237 Warrior Terrace
608,Jessey,Tumayan,jtumayangv@ebay.co.uk,Male,12/5/1999,81180 Dawn Parkway
609,Bianka,Rosie,brosiegw@eventbrite.com,Female,8/29/1971,573 Lakewood Gardens Parkway
610,Dion,Faulkes,dfaulkesgx@sitemeter.com,Male,4/29/1994,84 Miller Court
611,Dorette,Claughton,dclaughtongy@boston.com,Female,5/17/1964,09762 Claremont Place
612,Michele,Domenicone,mdomeniconegz@feedburner.com,Female,11/7/1973,4988 Arapahoe Avenue
613,Quint,Harmon,qharmonh0@ed.gov,Male,12/11/1971,76383 Northland Plaza
614,Kimball,Killock,kkillockh1@rediff.com,Male,4/30/1978,1 Oak Valley Park
615,Thorin,Dullard,tdullardh2@goo.gl,Male,9/22/1984,64587 Northport Road
616,Yard,McGeoch,ymcgeochh3@baidu.com,Male,1/26/1988,633 Superior Center
617,Chick,Lube,clubeh4@unesco.org,Male,6/25/1994,447 Kingsford Road
618,Alexi,Minet,amineth5@wufoo.com,Female,1/29/1976,038 Carey Lane
619,Jenifer,Verrall,jverrallh6@a8.net,Female,3/31/1978,4974 Dorton Avenue
620,Ariel,Speight,aspeighth7@google.com.au,Male,10/30/1964,927 Armistice Park
621,Yoshiko,Pimme,ypimmeh8@telegraph.co.uk,Female,5/21/1962,502 Burrows Junction
622,Holly-anne,Gianullo,hgianulloh9@goo.ne.jp,Female,9/2/1992,6324 Melvin Lane
623,Briana,Fowlestone,bfowlestoneha@aol.com,Female,7/19/1998,64327 Pankratz Point
624,Kaine,Lanbertoni,klanbertonihb@intel.com,Male,4/16/2001,0 Hovde Terrace
625,Karleen,Spire,kspirehc@weebly.com,Female,9/29/1988,6519 Dovetail Drive
626,Emanuele,Croy,ecroyhd@e-recht24.de,Male,8/15/1992,129 Oxford Point
627,Gothart,Richie,grichiehe@smugmug.com,Male,12/18/1974,17365 Loeprich Parkway
628,Aubry,Vowdon,avowdonhf@soup.io,Female,1/4/1969,09792 Mayer Court
629,Richmond,Probbin,rprobbinhg@newsvine.com,Male,3/19/2001,73 Eastwood Terrace
630,Reagen,Mettricke,rmettrickehh@discuz.net,Male,1/5/1986,35 6th Alley
631,Lambert,Grimsey,lgrimseyhi@china.com.cn,Male,7/29/1972,6266 5th Pass
632,Garrot,Josephy,gjosephyhj@engadget.com,Male,7/11/1967,71 Bartillon Circle
633,Tabitha,Caldaro,tcaldarohk@google.com.hk,Female,2/3/1973,978 Judy Point
634,Brantley,Chessor,bchessorhl@acquirethisname.com,Male,2/27/1967,55971 Eagle Crest Road
635,Izzy,Deem,ideemhm@craigslist.org,Male,6/13/1972,4 Cherokee Terrace
636,Christye,Pipkin,cpipkinhn@ifeng.com,Female,4/18/1990,09 Nova Parkway
637,Marline,Edmeads,medmeadsho@wp.com,Female,12/8/1965,9 Nancy Way
638,Karrah,Dawtre,kdawtrehp@eventbrite.com,Female,11/2/1960,88 Clarendon Crossing
639,Debra,Steet,dsteethq@zdnet.com,Female,8/6/1987,055 Westerfield Alley
640,Bond,McInally,bmcinallyhr@youtube.com,Male,1/16/1996,7936 Muir Street
641,Giorgi,Pember,gpemberhs@sourceforge.net,Male,7/1/1986,0678 East Road
642,Daron,Bothwell,dbothwellht@prnewswire.com,Male,3/20/1992,8245 Sugar Circle
643,Thorsten,Somerville,tsomervillehu@stanford.edu,Male,10/2/1978,09 Lunder Place
644,Drucy,Dufty,dduftyhv@fotki.com,Female,12/17/1980,2738 Loomis Street
645,Venus,Whittles,vwhittleshw@arstechnica.com,Female,3/2/1985,6836 Truax Drive
646,Ainsley,Batterbee,abatterbeehx@blinklist.com,Female,6/15/1980,41 Spenser Terrace
647,Charmane,de Pinna,cdepinnahy@prnewswire.com,Female,6/30/1997,8 Gerald Park
648,Noel,de Vaen,ndevaenhz@wordpress.org,Male,2/15/1985,109 Stoughton Way
649,Lona,Broszkiewicz,lbroszkiewiczi0@wikipedia.org,Female,8/2/1995,3701 Vahlen Drive
650,Ermengarde,Mathey,ematheyi1@desdev.cn,Female,2/1/1990,8 Knutson Avenue
651,Pooh,Furniss,pfurnissi2@wufoo.com,Female,7/6/1999,57 Mayfield Way
652,Marcellina,Vallow,mvallowi3@illinois.edu,Female,4/19/1968,31 Daystar Road
653,Tadd,Georghiou,tgeorghioui4@vistaprint.com,Male,5/31/1968,9123 Upham Road
654,Orren,Jansik,ojansiki5@indiatimes.com,Male,7/6/1999,38816 Sunbrook Avenue
655,Ondrea,Christin,ochristini6@cocolog-nifty.com,Female,9/2/1980,520 Donald Point
656,Ruddie,Larkby,rlarkbyi7@icio.us,Male,12/19/1999,1 Anderson Road
657,Lanie,Fright,lfrighti8@sourceforge.net,Male,3/1/1970,60544 Ridge Oak Junction
658,Pen,Myner,pmyneri9@google.com,Male,3/7/1998,285 Ridgeview Way
659,Dianemarie,Bauduccio,dbauduccioia@bloglines.com,Female,7/21/1962,1676 Sage Hill
660,Nicky,Cast,ncastib@china.com.cn,Female,1/19/1984,26 Debs Road
661,Marielle,Gallico,mgallicoic@upenn.edu,Female,1/28/1998,62 Karstens Lane
662,Pepita,Parkman,pparkmanid@jigsy.com,Female,8/26/1963,52660 Sachtjen Lane
663,Clevie,Kybbye,ckybbyeie@homestead.com,Male,11/10/1996,856 Bartillon Street
664,Guntar,Curdell,gcurdellif@youku.com,Male,7/18/1996,656 Miller Circle
665,Cally,Cruess,ccruessig@istockphoto.com,Female,2/26/1978,2279 Anthes Road
666,Glad,Fearfull,gfearfullih@imgur.com,Female,5/12/1961,09640 Fallview Road
667,Gearard,Adkins,gadkinsii@twitter.com,Male,2/10/1968,0 Manley Crossing
668,Tymothy,Kinglesyd,tkinglesydij@angelfire.com,Male,2/6/1981,7 Derek Trail
669,Hildagard,Maunders,hmaundersik@freewebs.com,Female,8/2/1966,621 Pawling Court
670,Ericka,Chrichton,echrichtonil@nasa.gov,Female,10/26/1974,72041 School Circle
671,Pete,Laphorn,plaphornim@goodreads.com,Male,9/18/1989,616 Iowa Trail
672,Gottfried,Bisset,gbissetin@barnesandnoble.com,Male,4/17/1996,7 Waxwing Pass
673,Hadleigh,Girardy,hgirardyio@census.gov,Male,3/3/1990,9 Lien Junction
674,Lowell,Torel,ltorelip@businessweek.com,Male,4/7/1995,40 7th Street
675,Imogene,Fellini,ifelliniiq@godaddy.com,Female,5/3/1987,0088 Northview Crossing
676,Babette,Pontin,bpontinir@amazon.co.jp,Female,2/19/1981,707 Brown Place
677,Carola,Fritschel,cfritschelis@oaic.gov.au,Female,9/13/1994,083 6th Hill
678,Lindsay,Salisbury,lsalisburyit@youtube.com,Female,12/21/1964,6296 Sundown Parkway
679,Catherine,Jarad,cjaradiu@home.pl,Female,11/18/1986,8 Nancy Way
680,Nikola,Collicott,ncollicottiv@pinterest.com,Male,11/4/1986,1622 5th Street
681,Reggie,Abrahmovici,rabrahmoviciiw@nifty.com,Male,1/21/1990,455 Orin Center
682,Rowney,Sterricker,rsterrickerix@163.com,Male,12/20/1985,4472 Forster Alley
683,Cedric,Hassent,chassentiy@sun.com,Male,4/10/2001,20 Dahle Pass
684,Kimmi,Larway,klarwayiz@mlb.com,Female,1/10/1965,38 Green Ridge Court
685,Ibby,Shaplin,ishaplinj0@ow.ly,Female,3/25/1982,7 Roxbury Hill
686,Dimitri,Blueman,dbluemanj1@mlb.com,Male,8/17/1973,6547 Gale Circle
687,Sterling,Ismirnioglou,sismirnioglouj2@github.io,Male,10/31/2000,85865 Schiller Drive
688,Emmit,O'Carran,eocarranj3@harvard.edu,Male,1/10/1988,75835 Dunning Road
689,Tildi,Mustard,tmustardj4@guardian.co.uk,Female,9/13/1992,7980 Barby Place
690,Jameson,Twigge,jtwiggej5@illinois.edu,Male,10/16/1983,0 Lerdahl Crossing
691,Basilio,Pilsbury,bpilsburyj6@nba.com,Male,2/26/1985,2801 Pearson Plaza
692,Yvon,Whittlesey,ywhittleseyj7@gmpg.org,Male,9/25/1986,5035 Stuart Crossing
693,Fanya,Boman,fbomanj8@nba.com,Female,4/9/1960,640 Farmco Lane
694,Nolana,Draysay,ndraysayj9@newyorker.com,Female,8/8/1971,8 Arrowood Park
695,Letti,Walshaw,lwalshawja@youtu.be,Female,2/1/1985,0210 Macpherson Alley
696,Anallise,Pail,apailjb@fotki.com,Female,5/9/1985,25148 Hansons Street
697,Minne,Langdridge,mlangdridgejc@dagondesign.com,Female,5/16/2000,0149 Emmet Drive
698,Mirella,Townsend,mtownsendjd@boston.com,Female,1/10/1966,47 Rutledge Pass
699,Rochella,Biddleston,rbiddlestonje@nih.gov,Female,10/12/1968,3072 Manufacturers Place
700,Bartolomeo,Linggard,blinggardjf@ehow.com,Male,4/10/1991,14039 Tennyson Road
701,Cris,Mc Corley,cmccorleyjg@theglobeandmail.com,Female,9/12/1997,27 Nevada Center
702,Gonzales,Laux,glauxjh@e-recht24.de,Male,8/4/1963,424 Hazelcrest Drive
703,Penny,Sommerly,psommerlyji@blog.com,Male,4/17/1964,1 Dapin Park
704,Worthy,Ciric,wciricjj@telegraph.co.uk,Male,9/20/1988,46 Lunder Drive
705,Esme,Brownjohn,ebrownjohnjk@instagram.com,Male,2/7/1993,8943 Oakridge Terrace
706,Antonin,Parlatt,aparlattjl@simplemachines.org,Male,8/19/1973,62058 Manufacturers Center
707,Orin,Krink,okrinkjm@last.fm,Male,1/26/1996,1 Prentice Center
708,Stillmann,Gary,sgaryjn@mail.ru,Male,12/16/1967,72 Jay Place
709,Dionne,Ashburne,dashburnejo@goo.gl,Female,7/21/1961,08 Warrior Junction
710,Luther,Lotze,llotzejp@bigcartel.com,Male,8/21/1974,610 Atwood Pass
711,Eveline,Oddie,eoddiejq@guardian.co.uk,Female,11/20/1996,5 Sachtjen Parkway
712,Iver,Amburgy,iamburgyjr@domainmarket.com,Male,4/23/1964,6170 Lighthouse Bay Court
713,Philbert,Phythien,pphythienjs@vkontakte.ru,Male,1/6/1985,1 Eagan Trail
714,Whitby,Blyden,wblydenjt@sohu.com,Male,9/9/1972,39 7th Point
715,Teddie,Antonich,tantonichju@cbsnews.com,Female,2/2/1995,1751 Leroy Crossing
716,Junia,Hyett,jhyettjv@domainmarket.com,Female,11/27/1961,2 Stone Corner Street
717,Bradly,Launder,blaunderjw@usnews.com,Male,9/26/1983,3075 Mayer Crossing
718,Constantino,Blaes,cblaesjx@independent.co.uk,Male,2/12/1989,67319 Red Cloud Lane
719,Kristoffer,Dewicke,kdewickejy@amazon.com,Male,1/16/1960,70811 Kennedy Trail
720,Morie,Linzee,mlinzeejz@naver.com,Male,2/10/1976,88 Anniversary Circle
721,Clyde,Bebb,cbebbk0@vkontakte.ru,Male,1/22/1975,7 Briar Crest Junction
722,Osborn,Readings,oreadingsk1@shop-pro.jp,Male,8/26/2001,7362 Waywood Terrace
723,Zorana,Bergin,zbergink2@usa.gov,Female,9/16/2000,24362 Talisman Street
724,Geraldine,Arpino,garpinok3@eepurl.com,Female,8/26/1980,80395 Morrow Center
725,Adel,Tibbs,atibbsk4@huffingtonpost.com,Female,7/2/1965,742 Fordem Parkway
726,Ezra,Massenhove,emassenhovek5@pagesperso-orange.fr,Male,1/25/1997,2351 Mariners Cove Junction
727,Zolly,Trouel,ztrouelk6@ovh.net,Male,10/2/1969,67690 Tony Pass
728,Errol,Baber,ebaberk7@disqus.com,Male,6/24/1965,80 Waywood Terrace
729,Hieronymus,Andryszczak,handryszczakk8@businesswire.com,Male,6/5/1980,9 Golf View Alley
730,Linoel,Aberdeen,laberdeenk9@ezinearticles.com,Male,12/14/1994,560 Meadow Ridge Alley
731,Emmett,Meiklam,emeiklamka@noaa.gov,Male,6/23/1983,52 Hollow Ridge Avenue
732,Odele,Fader,ofaderkb@craigslist.org,Female,7/4/1974,55669 Bonner Trail
733,Livvy,Lapslie,llapsliekc@vimeo.com,Female,12/23/1995,77 Blue Bill Park Court
734,Brendon,Sartain,bsartainkd@usgs.gov,Male,12/3/1988,98103 Mifflin Avenue
735,Dionisio,Pauncefoot,dpauncefootke@myspace.com,Male,1/8/1982,5477 Springview Hill
736,Joaquin,Lourenco,jlourencokf@craigslist.org,Male,4/12/1976,383 Heffernan Hill
737,Betsey,Hatwells,bhatwellskg@alibaba.com,Female,6/9/1987,63861 Springview Lane
738,Arabel,Kirimaa,akirimaakh@sbwire.com,Female,5/22/1968,67 Buell Road
739,Baron,Sidnell,bsidnellki@symantec.com,Male,8/3/1996,63 Mifflin Park
740,Everett,Winkworth,ewinkworthkj@shutterfly.com,Male,1/26/2000,86321 Buhler Drive
741,Izaak,Perroni,iperronikk@wikipedia.org,Male,12/26/1996,0 Mitchell Street
742,Lyn,Habbin,lhabbinkl@sphinn.com,Male,1/23/1976,36467 Ruskin Point
743,Alecia,Mensler,amenslerkm@uiuc.edu,Female,4/22/1976,7 Eggendart Lane
744,Derrick,Cavolini,dcavolinikn@wikispaces.com,Male,2/15/1985,34 Moland Lane
745,Annmaria,Waggitt,awaggittko@berkeley.edu,Female,7/25/1960,681 Burrows Trail
746,Reeva,Turfs,rturfskp@dmoz.org,Female,10/2/1985,6 Browning Terrace
747,Ida,Brunke,ibrunkekq@amazon.de,Female,3/29/1964,1 Meadow Vale Trail
748,Camilla,Fasset,cfassetkr@techcrunch.com,Female,4/15/1972,26 Elmside Court
749,Karoly,Merigon,kmerigonks@exblog.jp,Male,9/15/1976,226 Ridgeview Circle
750,Melosa,Stockford,mstockfordkt@ovh.net,Female,5/19/1990,02880 Pepper Wood Circle
751,Lotta,Mitchel,lmitchelku@people.com.cn,Female,6/4/1980,226 Laurel Junction
752,Raine,Shewan,rshewankv@wired.com,Female,1/3/1970,67 Almo Park
753,Rosana,Frissell,rfrissellkw@shinystat.com,Female,12/26/1982,3 Arizona Plaza
754,Kattie,Ferreiro,kferreirokx@columbia.edu,Female,6/30/1969,75 Sachtjen Way
755,Munroe,Gentzsch,mgentzschky@tiny.cc,Male,9/19/1968,025 Shopko Junction
756,Hardy,Binden,hbindenkz@constantcontact.com,Male,3/9/1977,081 Ronald Regan Circle
757,Lizabeth,Heasley,lheasleyl0@toplist.cz,Female,7/19/1990,783 North Circle
758,Bonny,Wyborn,bwybornl1@networkadvertising.org,Female,7/29/1993,3 Lien Alley
759,Roarke,Knee,rkneel2@fastcompany.com,Male,6/5/2001,953 Darwin Drive
760,Linnea,Opdenort,lopdenortl3@purevolume.com,Female,10/3/1994,689 High Crossing Plaza
761,Nevins,Miguet,nmiguetl4@unesco.org,Male,11/15/1970,2572 Rieder Terrace
762,Rea,Brinkman,rbrinkmanl5@youtu.be,Female,3/13/1979,465 Reinke Hill
763,Ambrosio,Claige,aclaigel6@cnn.com,Male,12/31/1990,8 Reinke Junction
764,Danie,Viggars,dviggarsl7@weebly.com,Male,11/30/1994,7467 American Ash Circle
765,Keir,Kytley,kkytleyl8@craigslist.org,Male,5/31/1961,8103 John Wall Street
766,Thorny,Sowman,tsowmanl9@bigcartel.com,Male,9/11/1985,93556 Melody Plaza
767,Charis,Hamflett,chamflettla@g.co,Female,6/11/1985,67230 Corscot Lane
768,Melody,Chillistone,mchillistonelb@geocities.jp,Female,1/28/1994,8 Bay Parkway
769,Mindy,Cordall,mcordalllc@answers.com,Female,11/18/1961,298 Carioca Junction
770,Keriann,Cardo,kcardold@123-reg.co.uk,Female,10/30/1995,88 Sunfield Street
771,Megan,Pavelin,mpavelinle@plala.or.jp,Female,2/17/1968,5245 Westridge Park
772,Rafferty,Cockrem,rcockremlf@lulu.com,Male,8/10/1974,20322 Anniversary Alley
773,Karrah,Durdy,kdurdylg@tamu.edu,Female,11/15/1986,8 Mitchell Parkway
774,Hodge,Caslane,hcaslanelh@paypal.com,Male,1/29/1966,80602 Mosinee Court
775,Trula,Simionato,tsimionatoli@archive.org,Female,8/10/1971,58 Amoth Alley
776,Jose,Standbrook,jstandbrooklj@zdnet.com,Male,8/10/1980,9 Fair Oaks Drive
777,Johnath,Fearneley,jfearneleylk@163.com,Female,9/28/1988,22 Brown Court
778,Ursulina,Orsi,uorsill@nature.com,Female,5/19/1983,2 Manufacturers Avenue
779,Missie,Emanuelli,memanuellilm@mit.edu,Female,5/18/1978,08152 Havey Terrace
780,Jarad,Harrod,jharrodln@zimbio.com,Male,5/25/1983,96612 Nevada Way
781,Haily,Martinet,hmartinetlo@mozilla.org,Female,3/14/1965,923 Fordem Lane
782,Prinz,Motion,pmotionlp@slate.com,Male,12/7/1978,198 Fallview Crossing
783,Cornall,Bastone,cbastonelq@g.co,Male,7/5/1968,58259 Artisan Road
784,Ange,Sarfatti,asarfattilr@nhs.uk,Female,6/30/1996,13624 Harbort Lane
785,Vanna,Rawlingson,vrawlingsonls@mysql.com,Female,7/1/1973,6 Bellgrove Point
786,Xymenes,Killshaw,xkillshawlt@amazon.co.uk,Male,6/8/1999,5032 Randy Crossing
787,Sibylle,Kuban,skubanlu@slideshare.net,Female,4/19/1986,9 Dryden Lane
788,Joanne,Brinkman,jbrinkmanlv@bluehost.com,Female,3/20/1976,0512 Springview Terrace
789,Brit,Jepps,bjeppslw@sina.com.cn,Male,4/11/1969,9 Stone Corner Place
790,Tansy,Crofts,tcroftslx@umn.edu,Female,6/12/1992,01840 Mayfield Avenue
791,Ingrim,Dartan,idartanly@cbc.ca,Male,12/15/1975,027 Talisman Avenue
792,Raviv,Kingsman,rkingsmanlz@lulu.com,Male,2/19/1996,043 Parkside Plaza
793,Roma,Trouel,rtrouelm0@cloudflare.com,Male,7/21/1965,47234 Petterle Parkway
794,Bettina,Ruprich,bruprichm1@unc.edu,Female,7/23/1994,14 Toban Street
795,Deedee,Jakubovski,djakubovskim2@squarespace.com,Female,10/31/1994,45908 Montana Point
796,Timoteo,Matus,tmatusm3@unicef.org,Male,11/15/1986,2 Dahle Trail
797,Timmie,Hopewell,thopewellm4@engadget.com,Female,6/27/1980,78288 Transport Junction
798,Onofredo,Beall,obeallm5@github.com,Male,5/4/1967,150 New Castle Street
799,Vivianna,Twitchings,vtwitchingsm6@nasa.gov,Female,7/4/1992,9241 Vidon Court
800,Patrizia,Gribbon,pgribbonm7@wikispaces.com,Female,8/11/1991,1179 Schmedeman Street
801,Ricca,Carswell,rcarswellm8@ted.com,Female,10/13/1961,6674 Browning Court
802,Dorothea,Heavyside,dheavysidem9@ucoz.ru,Female,1/9/1986,5574 Northland Park
803,Florie,Guinery,fguineryma@go.com,Female,8/2/1966,33033 Surrey Park
804,Constancia,Yitzovitz,cyitzovitzmb@cdc.gov,Female,12/9/1997,2 Dunning Center
805,Hamil,Challes,hchallesmc@fc2.com,Male,6/13/1988,6986 Graceland Junction
806,Christi,O'Shea,cosheamd@devhub.com,Female,7/29/1987,99 Bowman Crossing
807,Ganny,Di Boldi,gdiboldime@uiuc.edu,Male,5/18/1999,09375 Straubel Parkway
808,Adlai,Learmount,alearmountmf@reverbnation.com,Male,5/7/1996,34300 Chive Plaza
809,Selig,Yude,syudemg@java.com,Male,1/11/1991,1 Hayes Lane
810,Kip,Charles,kcharlesmh@hatena.ne.jp,Female,8/8/1972,0 Jay Road
811,Deana,Van der Son,dvandersonmi@ucsd.edu,Female,12/27/1982,00740 Jackson Park
812,Lenka,Asbury,lasburymj@mtv.com,Female,2/22/1970,1230 Stephen Plaza
813,Cornall,Quesne,cquesnemk@skyrock.com,Male,5/21/1967,434 Maple Street
814,Antonella,Espinet,aespinetml@github.io,Female,1/19/1982,6 Randy Terrace
815,Ollie,Clewarth,oclewarthmm@bandcamp.com,Male,12/18/1992,325 Kings Hill
816,Perle,Devanney,pdevanneymn@telegraph.co.uk,Female,10/20/1971,48 American Ash Drive
817,Juana,Litster,jlitstermo@eepurl.com,Female,12/8/1969,56263 Starling Plaza
818,Deny,Meace,dmeacemp@alexa.com,Female,3/15/1972,6181 Di Loreto Hill
819,Dorelle,Poulter,dpoultermq@squarespace.com,Female,12/4/1974,151 Florence Lane
820,Charmane,Rankcom,crankcommr@gnu.org,Female,6/17/1960,57 Rowland Avenue
821,Norris,Whitworth,nwhitworthms@sfgate.com,Male,5/1/1978,87171 Tomscot Place
822,Bertie,Ravelus,bravelusmt@mashable.com,Female,10/18/1995,50 Michigan Junction
823,Berk,Gianilli,bgianillimu@ed.gov,Male,2/9/1978,09 Debra Road
824,Elbert,Docksey,edockseymv@github.io,Male,5/15/1981,44 Hallows Point
825,Ricoriki,Bedbury,rbedburymw@oaic.gov.au,Male,7/2/1965,1534 Northview Avenue
826,Isa,Roxburch,iroxburchmx@fda.gov,Female,6/18/1992,85112 Stephen Park
827,Ginger,Lamburne,glamburnemy@blogtalkradio.com,Female,3/24/1963,00 East Park
828,Chaunce,Sandbatch,csandbatchmz@paginegialle.it,Male,12/26/1971,8528 Scott Pass
829,Elsie,Bellfield,ebellfieldn0@intel.com,Female,2/9/1998,142 Annamark Court
830,Anette,Handyside,ahandysiden1@cocolog-nifty.com,Female,9/24/1965,2 Kingsford Way
831,Nikolia,Swynfen,nswynfenn2@toplist.cz,Female,1/10/1994,8 Killdeer Place
832,Catlaina,Lippo,clippon3@hexun.com,Female,10/17/1993,5 Truax Center
833,Dosi,Lauchlan,dlauchlann4@usa.gov,Female,12/10/1999,53 Heath Pass
834,Judon,Carrett,jcarrettn5@geocities.com,Male,8/19/1969,6 Arizona Circle
835,Odetta,De Biasi,odebiasin6@desdev.cn,Female,1/18/1987,86912 Sage Point
836,Fiona,Fryman,ffrymann7@wikimedia.org,Female,6/19/1963,62 Anderson Way
837,Sallie,Cheak,scheakn8@vk.com,Female,6/16/1963,8 Jenna Junction
838,Desdemona,Morat,dmoratn9@myspace.com,Female,4/6/1992,4 Lillian Alley
839,Devin,MacTerlagh,dmacterlaghna@tamu.edu,Female,5/11/1969,29 Bluestem Parkway
840,Sileas,Maund,smaundnb@netlog.com,Female,4/23/1988,477 Debs Avenue
841,Jude,Clausson,jclaussonnc@ucla.edu,Male,9/30/1968,8 Lakeland Crossing
842,Emma,Feltoe,efeltoend@oracle.com,Female,12/15/1978,521 Fulton Lane
843,Anetta,Niemiec,aniemiecne@unblog.fr,Female,5/22/1981,1 Hanson Place
844,Stinky,Rahl,srahlnf@youtube.com,Male,9/29/1962,32690 Hazelcrest Way
845,Neil,Laverenz,nlaverenzng@360.cn,Male,6/20/1967,3 Pennsylvania Plaza
846,Amata,Hambelton,ahambeltonnh@free.fr,Female,7/13/1972,0866 Bultman Way
847,Erl,Shelborne,eshelborneni@google.ca,Male,11/17/1979,7777 Northfield Center
848,Lorie,Werendell,lwerendellnj@paypal.com,Female,8/1/1978,4031 Westport Junction
849,Berke,Hincks,bhincksnk@bbc.co.uk,Male,5/2/1967,1999 Everett Drive
850,Hurlee,Ferrierio,hferrierionl@sbwire.com,Male,9/28/1960,28347 Kingsford Drive
851,Laurella,Ebunoluwa,lebunoluwanm@photobucket.com,Female,2/18/1984,90990 Birchwood Parkway
852,Archy,Driutti,adriuttinn@apache.org,Male,4/2/1989,271 Hanson Lane
853,Felecia,MacCook,fmaccookno@google.ca,Female,5/25/1984,35024 Luster Terrace
854,Adriena,Jerger,ajergernp@narod.ru,Female,6/9/1991,47433 Forest Dale Circle
855,Hodge,Melchior,hmelchiornq@blogspot.com,Male,7/29/1981,3 Becker Alley
856,Barbey,Poytheras,bpoytherasnr@dropbox.com,Female,8/7/1988,554 Morning Plaza
857,Benita,Maloney,bmaloneyns@liveinternet.ru,Female,2/20/1993,151 South Hill
858,Cathee,Rowbottom,crowbottomnt@weather.com,Female,2/8/1988,276 Lindbergh Pass
859,Reinald,Aicheson,raichesonnu@buzzfeed.com,Male,12/10/1999,42 Schmedeman Road
860,Marthena,Berling,mberlingnv@tiny.cc,Female,7/10/1969,73 Hintze Pass
861,Lavina,Iacovuzzi,liacovuzzinw@technorati.com,Female,7/21/1975,2237 Northridge Hill
862,Nichols,Bilovsky,nbilovskynx@hexun.com,Male,11/16/1974,7 Iowa Way
863,Pace,Halls,phallsny@ucla.edu,Male,1/21/1968,3 Kennedy Parkway
864,Kiel,Lieber,kliebernz@imgur.com,Male,8/30/1995,244 Jenna Park
865,Juliet,Rosterne,jrosterneo0@pinterest.com,Female,7/12/1995,85439 Quincy Pass
866,Corilla,Monks,cmonkso1@yolasite.com,Female,12/28/1976,011 Hooker Way
867,Cosette,Querree,cquerreeo2@webmd.com,Female,1/28/1980,4 Comanche Avenue
868,Hermy,Antonchik,hantonchiko3@hatena.ne.jp,Male,8/14/1961,3 Spohn Avenue
869,Miguel,Scoggan,mscoggano4@netvibes.com,Male,11/23/1964,257 Dakota Circle
870,Stesha,Kob,skobo5@npr.org,Female,5/10/1999,699 Fallview Place
871,Lian,Claxton,lclaxtono6@tamu.edu,Female,2/17/1982,99244 Shelley Crossing
872,Ahmad,Leverton,alevertono7@instagram.com,Male,8/14/1963,166 Northfield Trail
873,Fina,Phalp,fphalpo8@cdc.gov,Female,2/9/1969,81414 Manitowish Court
874,Sergei,Canning,scanningo9@dedecms.com,Male,5/10/1992,812 Delaware Center
875,Robinette,Ferandez,rferandezoa@instagram.com,Female,7/25/1989,5311 Lunder Junction
876,Cordi,Maddinon,cmaddinonob@ycombinator.com,Female,5/5/1989,74541 Eggendart Court
877,Juieta,Bonevant,jbonevantoc@nsw.gov.au,Female,12/21/1992,566 Nancy Way
878,Nichole,Cecil,ncecilod@nifty.com,Male,10/26/1974,087 Grim Drive
879,Stavros,Sire,ssireoe@altervista.org,Male,11/7/1962,9761 Coleman Parkway
880,Tedie,De Angelo,tdeangeloof@blogspot.com,Male,2/23/1968,63 Farmco Place
881,Jan,Luckman,jluckmanog@dion.ne.jp,Female,3/28/1964,3519 Maywood Pass
882,Marlow,Winterburn,mwinterburnoh@msn.com,Male,5/21/1963,3639 Waywood Trail
883,Barbra,Cole,bcoleoi@typepad.com,Female,12/31/1960,32 Erie Court
884,Ky,Restorick,krestorickoj@mac.com,Male,7/9/1965,610 Corscot Parkway
885,Jocko,Gowry,jgowryok@upenn.edu,Male,11/26/2000,5217 Jenifer Center
886,Marcellina,Forseith,mforseithol@telegraph.co.uk,Female,6/15/1967,8 Morningstar Drive
887,Debby,Stillert,dstillertom@geocities.jp,Female,9/22/1966,50257 Starling Drive
888,Ernie,Winny,ewinnyon@netvibes.com,Male,3/15/1983,441 Marquette Court
889,Kristofer,Scarce,kscarceoo@lycos.com,Male,11/26/1967,7381 Veith Terrace
890,Ingrim,Dobsons,idobsonsop@wp.com,Male,5/26/1988,8333 Merchant Crossing
891,Bertha,Sprigings,bsprigingsoq@technorati.com,Female,9/25/1994,4 Mendota Street
892,Alma,Humpatch,ahumpatchor@marketwatch.com,Female,11/21/1978,3 Merrick Plaza
893,Fonzie,Sapsforde,fsapsfordeos@cargocollective.com,Male,5/15/1962,25 Alpine Junction
894,Lyell,Niland,lnilandot@marketwatch.com,Male,9/22/1994,62259 Everett Parkway
895,Frasier,Phette,fphetteou@flavors.me,Male,3/8/1960,3 Union Center
896,Daniela,Monnoyer,dmonnoyerov@hp.com,Female,9/12/1970,8 Parkside Point
897,Drusy,Domican,ddomicanow@nps.gov,Female,11/19/1973,5324 Messerschmidt Hill
898,Rodrick,Bernth,rbernthox@biglobe.ne.jp,Male,11/5/1972,47 Longview Terrace
899,Griffin,Papez,gpapezoy@opensource.org,Male,11/30/1970,8 American Ash Junction
900,Lynette,Ovington,lovingtonoz@ox.ac.uk,Female,9/30/1998,36937 Mariners Cove Lane
901,Eugenio,Eustace,eeustacep0@hc360.com,Male,11/14/2000,8 Porter Circle
902,Matilda,Collough,mcolloughp1@histats.com,Female,1/2/1966,0493 Florence Place
903,Bastien,Kollaschek,bkollaschekp2@blinklist.com,Male,6/2/1991,0 Schlimgen Lane
904,Bonnee,Durward,bdurwardp3@ow.ly,Female,12/4/1994,63 Talisman Parkway
905,Katya,Crownshaw,kcrownshawp4@umn.edu,Female,7/13/1988,5 Bashford Crossing
906,Goran,Bruce,gbrucep5@paypal.com,Male,3/16/1968,36 Heffernan Trail
907,Gilberta,Cadreman,gcadremanp6@xrea.com,Female,3/26/1961,3398 Lerdahl Trail
908,Ediva,Ollett,eollettp7@yahoo.co.jp,Female,8/30/2000,732 Nelson Way
909,Silvie,Epple,sepplep8@last.fm,Female,9/20/1992,3499 Jackson Court
910,Araldo,Farfoot,afarfootp9@tinyurl.com,Male,11/21/2000,4 Shelley Road
911,Nikki,Grimbaldeston,ngrimbaldestonpa@princeton.edu,Male,8/4/1986,332 Northland Junction
912,Wilhelmina,Worswick,wworswickpb@slashdot.org,Female,2/9/1979,7607 Oak Valley Circle
913,Inger,Keeley,ikeeleypc@rakuten.co.jp,Female,4/21/1984,37 Kinsman Circle
914,Eamon,Pirouet,epirouetpd@accuweather.com,Male,3/15/1983,467 Brentwood Way
915,Violante,Brittan,vbrittanpe@dot.gov,Female,9/4/1974,89246 Bartelt Park
916,Fernandina,Sainteau,fsainteaupf@smh.com.au,Female,1/12/1975,0497 Nancy Place
917,Patty,Jarrad,pjarradpg@fotki.com,Female,6/13/1960,45 Graceland Trail
918,Brendis,Kilban,bkilbanph@twitpic.com,Male,6/30/1981,364 Waubesa Circle
919,Duffie,Doig,ddoigpi@sphinn.com,Male,6/27/1983,4 Amoth Pass
920,Clement,Boucher,cboucherpj@taobao.com,Male,5/2/1997,70 Stoughton Center
921,Harold,Jenny,hjennypk@cocolog-nifty.com,Male,11/30/1988,300 Sommers Street
922,Carleen,Odeson,codesonpl@imdb.com,Female,3/6/1999,6 Jay Point
923,Guenevere,Shera,gsherapm@ycombinator.com,Female,6/24/1966,136 Coolidge Trail
924,Mariska,Bogays,mbogayspn@a8.net,Female,11/8/1997,6955 Northfield Park
925,Deni,Daggett,ddaggettpo@walmart.com,Female,6/21/1968,053 Novick Terrace
926,Kristina,Sheryne,ksherynepp@ameblo.jp,Female,2/27/1977,35 Service Hill
927,Jarib,Cordeiro,jcordeiropq@berkeley.edu,Male,9/14/1995,6035 Division Lane
928,Aguistin,MacCartair,amaccartairpr@sohu.com,Male,7/12/2001,7993 Westend Park
929,Wes,Davidovits,wdavidovitsps@harvard.edu,Male,10/10/1994,92 Oak Alley
930,Tasia,Rodolphe,trodolphept@psu.edu,Female,3/13/1984,4925 Manley Plaza
931,Libby,Deviney,ldevineypu@intel.com,Female,3/16/2000,609 Stephen Point
932,Shelagh,Tetther,stettherpv@geocities.jp,Female,5/27/1987,474 Mayfield Drive
933,Robbie,Rapa,rrapapw@chron.com,Male,10/21/2000,56 Manufacturers Way
934,Belle,Haysham,bhayshampx@chron.com,Female,9/15/2001,21814 Gale Way
935,Nonie,Guerrier,nguerrierpy@prnewswire.com,Female,2/8/1960,6493 Charing Cross Way
936,Letti,Northcote,lnorthcotepz@t.co,Female,5/12/1975,94 La Follette Hill
937,Stepha,Beining,sbeiningq0@cpanel.net,Female,11/30/1970,5765 Hermina Park
938,Courtney,Cristofvao,ccristofvaoq1@nymag.com,Male,5/27/1986,5077 Lyons Lane
939,Clair,Housbie,chousbieq2@mayoclinic.com,Female,2/22/1990,2 Colorado Hill
940,Cicely,Goodwell,cgoodwellq3@dailymail.co.uk,Female,5/16/1975,7 Gina Street
941,Ignazio,Esslement,iesslementq4@mac.com,Male,2/26/1982,23 Farragut Place
942,Chicky,Bennie,cbennieq5@w3.org,Female,7/11/1972,867 Corben Plaza
943,Man,Isenor,misenorq6@is.gd,Male,8/15/1978,32 Old Shore Court
944,Leola,Worden,lwordenq7@foxnews.com,Female,10/13/1977,50913 Hallows Parkway
945,Christal,Dugall,cdugallq8@imgur.com,Female,3/12/1985,36508 Holy Cross Point
946,Kaspar,Huebner,khuebnerq9@wiley.com,Male,3/12/1967,2222 Bluestem Plaza
947,Milty,Ceeley,mceeleyqa@mysql.com,Male,2/19/2001,79152 Fuller Park
948,Clemente,Shuttleworth,cshuttleworthqb@mozilla.org,Male,6/5/1961,47 Longview Center
949,Jabez,Webbe,jwebbeqc@stumbleupon.com,Male,7/18/2000,0746 Erie Street
950,Samuel,Bloor,sbloorqd@de.vu,Male,10/25/1982,10 Nobel Parkway
951,Aida,Lathleiffure,alathleiffureqe@google.de,Female,8/29/1973,79 Tony Street
952,Anders,Sonier,asonierqf@home.pl,Male,1/31/1982,91122 Summerview Drive
953,Almeta,Nano,ananoqg@prweb.com,Female,6/20/1962,4362 Anhalt Alley
954,Willis,Matherson,wmathersonqh@comsenz.com,Male,9/4/1985,1911 Valley Edge Lane
955,Jewel,Pietruszka,jpietruszkaqi@ebay.com,Female,8/20/1970,88702 Fair Oaks Alley
956,Aleda,O'Dogherty,aodoghertyqj@craigslist.org,Female,4/23/1976,82680 Village Green Place
957,Halimeda,Rathe,hratheqk@intel.com,Female,6/9/1983,2059 Hazelcrest Drive
958,Kylynn,Cahillane,kcahillaneql@ifeng.com,Female,11/5/1975,9893 Clarendon Center
959,Wayland,Ackland,wacklandqm@friendfeed.com,Male,3/12/1988,74 Buhler Terrace
960,Pietrek,Cesco,pcescoqn@printfriendly.com,Male,8/4/1988,6371 Shoshone Plaza
961,Kylynn,Hughes,khughesqo@jimdo.com,Female,12/30/1992,3 Fieldstone Way
962,Gerhardine,Thomesson,gthomessonqp@netscape.com,Female,10/6/1990,34066 Manufacturers Place
963,Adora,Vizard,avizardqq@census.gov,Female,4/24/1977,65 Bunting Crossing
964,Florry,Peter,fpeterqr@wiley.com,Female,1/11/1970,97550 Kedzie Court
965,Toddy,Murtimer,tmurtimerqs@topsy.com,Male,6/3/1985,9 Morning Court
966,Jeramey,Devonport,jdevonportqt@si.edu,Male,2/11/1977,618 Superior Point
967,Bird,Danielkiewicz,bdanielkiewiczqu@comsenz.com,Female,7/23/1984,79 Truax Circle
968,Libby,Morriss,lmorrissqv@goo.ne.jp,Female,8/7/1972,93767 Algoma Lane
969,Jefferey,Dingley,jdingleyqw@51.la,Male,7/12/1971,64582 Marcy Pass
970,Rodolfo,Filpo,rfilpoqx@utexas.edu,Male,6/24/1984,42 Barnett Drive
971,Derek,Franscioni,dfranscioniqy@cocolog-nifty.com,Male,3/23/1989,0957 Caliangt Alley
972,Nealon,McOnie,nmconieqz@home.pl,Male,10/29/1991,63027 Stephen Pass
973,Dennie,Lambotin,dlambotinr0@guardian.co.uk,Male,3/31/1969,8 1st Trail
974,Lin,Grennan,lgrennanr1@apple.com,Female,4/28/1988,9 Linden Circle
975,Archer,Videneev,avideneevr2@netvibes.com,Male,5/18/2001,26294 Johnson Road
976,Hanna,Pietrowicz,hpietrowiczr3@oracle.com,Female,7/4/1968,7307 Merchant Place
977,Linnie,O'Bradain,lobradainr4@gizmodo.com,Female,1/28/1973,06583 Michigan Pass
978,Gerome,Yarnold,gyarnoldr5@nbcnews.com,Male,7/9/1996,4 Dovetail Parkway
979,Ramon,Da Costa,rdacostar6@msu.edu,Male,2/15/1998,41 Westerfield Terrace
980,Sterne,Farrand,sfarrandr7@miitbeian.gov.cn,Male,2/27/1974,7 Bartelt Crossing
981,Petr,Fulford,pfulfordr8@fotki.com,Male,1/14/2000,7775 East Center
982,Eveline,Launchbury,elaunchburyr9@rediff.com,Female,10/30/1985,5 Cody Parkway
983,Johnette,Huyhton,jhuyhtonra@istockphoto.com,Female,4/9/1973,928 Northfield Place
984,Dagmar,Worwood,dworwoodrb@netscape.com,Female,3/6/1993,25544 Lukken Trail
985,Haily,Menci,hmencirc@blogtalkradio.com,Female,8/2/1966,1 Butternut Road
986,Elsa,Hardwidge,ehardwidgerd@sciencedaily.com,Female,2/26/1992,3863 Jenna Circle
987,Erika,Rosson,erossonre@g.co,Female,10/4/1995,8 Annamark Pass
988,Lolita,Faithfull,lfaithfullrf@nih.gov,Female,5/5/1985,0 Mcbride Street
989,Damara,Bridgett,dbridgettrg@mozilla.org,Female,3/30/1978,257 Prairieview Way
990,Abbe,Cubin,acubinrh@360.cn,Female,7/5/1990,721 Rowland Court
991,Kayla,Dryden,kdrydenri@wsj.com,Female,12/16/1997,269 Roxbury Place
992,Marjorie,Howse,mhowserj@skyrock.com,Female,9/23/1962,40965 American Street
993,Estell,Lismer,elismerrk@dyndns.org,Female,6/2/1994,519 Fieldstone Avenue
994,Stefan,Petracci,spetraccirl@si.edu,Male,9/10/1961,7 Vermont Court
995,Kristian,Adacot,kadacotrm@amazon.co.jp,Male,10/29/1987,10130 North Alley
996,Cindra,Bridgement,cbridgementrn@spotify.com,Female,7/17/1960,592 Becker Avenue
997,Reena,Levee,rleveero@businessinsider.com,Female,6/14/1972,877 Carey Avenue
998,Faydra,Gilbee,fgilbeerp@hexun.com,Female,2/21/1995,51624 Hauk Trail
999,Franklin,Huard,fhuardrq@weather.com,Male,1/24/2000,39610 Ridgeview Circle
1000,Willi,Malin,wmalinrr@vkontakte.ru,Male,5/13/1992,60082 6th Park
